<?xml version='1.0' encoding='UTF-8'?>
<repository xmlns="http://www.osgi.org/xmlns/repository/v1.0.0" name="Liferay CE Forms and Workflow - Liferay CE Dynamic Data Lists - API" increment="1">
  <resource>
    <capability namespace="osgi.identity">
      <attribute name="osgi.identity" value="com.liferay.dynamic.data.lists.api"/>
      <attribute name="type" value="osgi.bundle"/>
      <attribute name="version" value="3.0.7" type="Version"/>
    </capability>
    <capability namespace="osgi.wiring.bundle">
      <attribute name="bundle-version" value="3.0.7" type="Version"/>
      <attribute name="osgi.wiring.bundle" value="com.liferay.dynamic.data.lists.api"/>
    </capability>
    <capability namespace="osgi.wiring.host">
      <attribute name="bundle-version" value="3.0.7" type="Version"/>
      <attribute name="osgi.wiring.host" value="com.liferay.dynamic.data.lists.api"/>
    </capability>
    <capability namespace="osgi.wiring.package">
      <attribute name="version" value="1.0.0" type="Version"/>
      <attribute name="osgi.wiring.package" value="com.liferay.dynamic.data.lists"/>
    </capability>
    <capability namespace="osgi.wiring.package">
      <attribute name="version" value="1.1.0" type="Version"/>
      <attribute name="osgi.wiring.package" value="com.liferay.dynamic.data.lists.constants"/>
    </capability>
    <capability namespace="osgi.wiring.package">
      <directive name="uses" value="com.liferay.portal.kernel.exception"/>
      <attribute name="version" value="1.1.0" type="Version"/>
      <attribute name="osgi.wiring.package" value="com.liferay.dynamic.data.lists.exception"/>
    </capability>
    <capability namespace="osgi.wiring.package">
      <directive name="uses" value="com.liferay.dynamic.data.lists.model,com.liferay.portal.kernel.util"/>
      <attribute name="version" value="2.0.0" type="Version"/>
      <attribute name="osgi.wiring.package" value="com.liferay.dynamic.data.lists.exporter"/>
    </capability>
    <capability namespace="osgi.wiring.package">
      <directive name="uses" value="com.liferay.dynamic.data.mapping.annotations,com.liferay.dynamic.data.mapping.exception,com.liferay.dynamic.data.mapping.model,com.liferay.dynamic.data.mapping.storage,com.liferay.expando.kernel.model,com.liferay.exportimport.kernel.lar,com.liferay.portal.kernel.annotation,com.liferay.portal.kernel.bean,com.liferay.portal.kernel.exception,com.liferay.portal.kernel.model,com.liferay.portal.kernel.service,com.liferay.portal.kernel.util"/>
      <attribute name="version" value="1.1.0" type="Version"/>
      <attribute name="osgi.wiring.package" value="com.liferay.dynamic.data.lists.model"/>
    </capability>
    <capability namespace="osgi.wiring.package">
      <directive name="uses" value="com.liferay.dynamic.data.lists.model,com.liferay.dynamic.data.mapping.exception,com.liferay.dynamic.data.mapping.storage,com.liferay.exportimport.kernel.lar,com.liferay.portal.kernel.dao.orm,com.liferay.portal.kernel.exception,com.liferay.portal.kernel.jsonwebservice,com.liferay.portal.kernel.model,com.liferay.portal.kernel.search,com.liferay.portal.kernel.security.access.control,com.liferay.portal.kernel.service,com.liferay.portal.kernel.spring.osgi,com.liferay.portal.kernel.systemevent,com.liferay.portal.kernel.transaction,com.liferay.portal.kernel.util"/>
      <attribute name="version" value="1.2.1" type="Version"/>
      <attribute name="osgi.wiring.package" value="com.liferay.dynamic.data.lists.service"/>
    </capability>
    <capability namespace="osgi.wiring.package">
      <directive name="uses" value="com.liferay.dynamic.data.lists.exception,com.liferay.dynamic.data.lists.model,com.liferay.portal.kernel.dao.orm,com.liferay.portal.kernel.service,com.liferay.portal.kernel.service.persistence,com.liferay.portal.kernel.util"/>
      <attribute name="version" value="1.1.0" type="Version"/>
      <attribute name="osgi.wiring.package" value="com.liferay.dynamic.data.lists.service.persistence"/>
    </capability>
    <capability namespace="osgi.wiring.package">
      <directive name="uses" value="com.liferay.dynamic.data.lists.model,com.liferay.portal.kernel.json,com.liferay.portal.kernel.service,javax.portlet,javax.servlet.http"/>
      <attribute name="version" value="1.0.0" type="Version"/>
      <attribute name="osgi.wiring.package" value="com.liferay.dynamic.data.lists.util"/>
    </capability>
    <capability namespace="osgi.wiring.package">
      <directive name="uses" value="com.liferay.dynamic.data.lists.model,com.liferay.exportimport.kernel.lar,com.liferay.portal.kernel.util"/>
      <attribute name="version" value="1.1.0" type="Version"/>
      <attribute name="osgi.wiring.package" value="com.liferay.dynamic.data.lists.util.comparator"/>
    </capability>
    <capability namespace="liferay.resource.bundle">
      <attribute name="bundle.symbolic.name" value="com.liferay.dynamic.data.lists.api"/>
      <attribute name="resource.bundle.base.name" value="content.Language"/>
    </capability>
    <capability namespace="osgi.content">
      <attribute name="size" value="170708" type="Long"/>
      <attribute name="url" value="com.liferay.dynamic.data.lists.api-3.0.7.jar"/>
      <attribute name="mime" value="application/vnd.osgi.bundle"/>
      <attribute name="osgi.content" value="15AA403CC9F0EFE7C5FB2B3CB303BC7E5249C63CD2517DBEA6BF2BD16EEA699E"/>
    </capability>
    <requirement namespace="osgi.wiring.package">
      <directive name="filter" value="(&amp;(osgi.wiring.package=com.liferay.document.library.kernel.util.comparator)(&amp;(version&gt;=1.0.0)(!(version&gt;=2.0.0))))"/>
    </requirement>
    <requirement namespace="osgi.wiring.package">
      <directive name="filter" value="(&amp;(osgi.wiring.package=com.liferay.dynamic.data.lists.exception)(&amp;(version&gt;=1.1.0)(!(version&gt;=2.0.0))))"/>
    </requirement>
    <requirement namespace="osgi.wiring.package">
      <directive name="filter" value="(&amp;(osgi.wiring.package=com.liferay.dynamic.data.lists.model)(&amp;(version&gt;=1.1.0)(!(version&gt;=1.2.0))))"/>
    </requirement>
    <requirement namespace="osgi.wiring.package">
      <directive name="filter" value="(&amp;(osgi.wiring.package=com.liferay.dynamic.data.mapping.annotations)(&amp;(version&gt;=1.2.0)(!(version&gt;=2.0.0))))"/>
    </requirement>
    <requirement namespace="osgi.wiring.package">
      <directive name="filter" value="(&amp;(osgi.wiring.package=com.liferay.dynamic.data.mapping.exception)(&amp;(version&gt;=1.3.0)(!(version&gt;=2.0.0))))"/>
    </requirement>
    <requirement namespace="osgi.wiring.package">
      <directive name="filter" value="(&amp;(osgi.wiring.package=com.liferay.dynamic.data.mapping.model)(&amp;(version&gt;=1.6.0)(!(version&gt;=2.0.0))))"/>
    </requirement>
    <requirement namespace="osgi.wiring.package">
      <directive name="filter" value="(&amp;(osgi.wiring.package=com.liferay.dynamic.data.mapping.storage)(&amp;(version&gt;=1.0.0)(!(version&gt;=2.0.0))))"/>
    </requirement>
    <requirement namespace="osgi.wiring.package">
      <directive name="filter" value="(&amp;(osgi.wiring.package=com.liferay.expando.kernel.model)(&amp;(version&gt;=1.1.0)(!(version&gt;=2.0.0))))"/>
    </requirement>
    <requirement namespace="osgi.wiring.package">
      <directive name="filter" value="(&amp;(osgi.wiring.package=com.liferay.exportimport.kernel.lar)(&amp;(version&gt;=1.8.0)(!(version&gt;=2.0.0))))"/>
    </requirement>
    <requirement namespace="osgi.wiring.package">
      <directive name="filter" value="(&amp;(osgi.wiring.package=com.liferay.portal.kernel.annotation)(&amp;(version&gt;=6.3.0)(!(version&gt;=7.0.0))))"/>
    </requirement>
    <requirement namespace="osgi.wiring.package">
      <directive name="filter" value="(&amp;(osgi.wiring.package=com.liferay.portal.kernel.bean)(&amp;(version&gt;=7.1.0)(!(version&gt;=8.0.0))))"/>
    </requirement>
    <requirement namespace="osgi.wiring.package">
      <directive name="filter" value="(&amp;(osgi.wiring.package=com.liferay.portal.kernel.dao.orm)(&amp;(version&gt;=7.3.0)(!(version&gt;=8.0.0))))"/>
    </requirement>
    <requirement namespace="osgi.wiring.package">
      <directive name="filter" value="(&amp;(osgi.wiring.package=com.liferay.portal.kernel.exception)(&amp;(version&gt;=7.2.0)(!(version&gt;=8.0.0))))"/>
    </requirement>
    <requirement namespace="osgi.wiring.package">
      <directive name="filter" value="(&amp;(osgi.wiring.package=com.liferay.portal.kernel.json)(&amp;(version&gt;=7.0.0)(!(version&gt;=8.0.0))))"/>
    </requirement>
    <requirement namespace="osgi.wiring.package">
      <directive name="filter" value="(&amp;(osgi.wiring.package=com.liferay.portal.kernel.jsonwebservice)(&amp;(version&gt;=7.0.0)(!(version&gt;=8.0.0))))"/>
    </requirement>
    <requirement namespace="osgi.wiring.package">
      <directive name="filter" value="(&amp;(osgi.wiring.package=com.liferay.portal.kernel.model)(&amp;(version&gt;=2.0.0)(!(version&gt;=2.1.0))))"/>
    </requirement>
    <requirement namespace="osgi.wiring.package">
      <directive name="filter" value="(&amp;(osgi.wiring.package=com.liferay.portal.kernel.search)(&amp;(version&gt;=7.6.0)(!(version&gt;=8.0.0))))"/>
    </requirement>
    <requirement namespace="osgi.wiring.package">
      <directive name="filter" value="(&amp;(osgi.wiring.package=com.liferay.portal.kernel.security.access.control)(&amp;(version&gt;=1.0.0)(!(version&gt;=2.0.0))))"/>
    </requirement>
    <requirement namespace="osgi.wiring.package">
      <directive name="filter" value="(&amp;(osgi.wiring.package=com.liferay.portal.kernel.service)(&amp;(version&gt;=1.27.0)(!(version&gt;=2.0.0))))"/>
    </requirement>
    <requirement namespace="osgi.wiring.package">
      <directive name="filter" value="(&amp;(osgi.wiring.package=com.liferay.portal.kernel.service.persistence)(&amp;(version&gt;=1.16.0)(!(version&gt;=2.0.0))))"/>
    </requirement>
    <requirement namespace="osgi.wiring.package">
      <directive name="filter" value="(&amp;(osgi.wiring.package=com.liferay.portal.kernel.spring.osgi)(&amp;(version&gt;=1.1.0)(!(version&gt;=2.0.0))))"/>
    </requirement>
    <requirement namespace="osgi.wiring.package">
      <directive name="filter" value="(&amp;(osgi.wiring.package=com.liferay.portal.kernel.systemevent)(&amp;(version&gt;=6.2.0)(!(version&gt;=7.0.0))))"/>
    </requirement>
    <requirement namespace="osgi.wiring.package">
      <directive name="filter" value="(&amp;(osgi.wiring.package=com.liferay.portal.kernel.transaction)(&amp;(version&gt;=7.1.0)(!(version&gt;=8.0.0))))"/>
    </requirement>
    <requirement namespace="osgi.wiring.package">
      <directive name="filter" value="(&amp;(osgi.wiring.package=com.liferay.portal.kernel.util)(&amp;(version&gt;=8.0.0)(!(version&gt;=9.0.0))))"/>
    </requirement>
    <requirement namespace="osgi.wiring.package">
      <directive name="filter" value="(&amp;(osgi.wiring.package=javax.portlet))"/>
    </requirement>
    <requirement namespace="osgi.wiring.package">
      <directive name="filter" value="(&amp;(osgi.wiring.package=javax.servlet.http)(&amp;(version&gt;=3.0.0)(!(version&gt;=4.0.0))))"/>
    </requirement>
    <requirement namespace="osgi.wiring.package">
      <directive name="filter" value="(&amp;(osgi.wiring.package=org.osgi.framework)(&amp;(version&gt;=1.7.0)(!(version&gt;=2.0.0))))"/>
    </requirement>
    <requirement namespace="osgi.wiring.package">
      <directive name="filter" value="(&amp;(osgi.wiring.package=org.osgi.util.tracker)(&amp;(version&gt;=1.5.0)(!(version&gt;=2.0.0))))"/>
    </requirement>
    <requirement namespace="osgi.contract">
      <directive name="filter" value="(&amp;(osgi.contract=JavaPortlet)(version=3.0.0))"/>
      <attribute name="osgi.contract" value="JavaPortlet"/>
    </requirement>
    <requirement namespace="osgi.ee">
      <directive name="filter" value="(&amp;(osgi.ee=JavaSE)(version=1.8))"/>
    </requirement>
  </resource>
</repository>
