<?xml version='1.0' encoding='UTF-8'?>
<repository xmlns="http://www.osgi.org/xmlns/repository/v1.0.0" name="Liferay CE Foundation - Liferay CE XStream - API" increment="1">
  <resource>
    <capability namespace="osgi.identity">
      <attribute name="osgi.identity" value="com.liferay.xstream.configurator.api"/>
      <attribute name="type" value="osgi.bundle"/>
      <attribute name="version" value="3.0.2" type="Version"/>
    </capability>
    <capability namespace="osgi.wiring.bundle">
      <attribute name="bundle-version" value="3.0.2" type="Version"/>
      <attribute name="osgi.wiring.bundle" value="com.liferay.xstream.configurator.api"/>
    </capability>
    <capability namespace="osgi.wiring.host">
      <attribute name="bundle-version" value="3.0.2" type="Version"/>
      <attribute name="osgi.wiring.host" value="com.liferay.xstream.configurator.api"/>
    </capability>
    <capability namespace="osgi.wiring.package">
      <directive name="uses" value="com.liferay.exportimport.kernel.xstream,org.osgi.framework"/>
      <attribute name="version" value="1.1.0" type="Version"/>
      <attribute name="osgi.wiring.package" value="com.liferay.xstream.configurator"/>
    </capability>
    <capability namespace="osgi.content">
      <attribute name="size" value="7596" type="Long"/>
      <attribute name="url" value="com.liferay.xstream.configurator.api-3.0.2.jar"/>
      <attribute name="mime" value="application/vnd.osgi.bundle"/>
      <attribute name="osgi.content" value="C892144C96E1443B172E409E0671DD4A59DE5CB9E493392C50663F7868259F86"/>
    </capability>
    <requirement namespace="osgi.wiring.package">
      <directive name="filter" value="(&amp;(osgi.wiring.package=com.liferay.exportimport.kernel.xstream)(&amp;(version&gt;=1.0.0)(!(version&gt;=2.0.0))))"/>
    </requirement>
    <requirement namespace="osgi.wiring.package">
      <directive name="filter" value="(&amp;(osgi.wiring.package=com.liferay.portal.kernel.util)(&amp;(version&gt;=8.0.0)(!(version&gt;=9.0.0))))"/>
    </requirement>
    <requirement namespace="osgi.wiring.package">
      <directive name="filter" value="(&amp;(osgi.wiring.package=org.osgi.framework)(&amp;(version&gt;=1.8.0)(!(version&gt;=2.0.0))))"/>
    </requirement>
    <requirement namespace="osgi.wiring.package">
      <directive name="filter" value="(&amp;(osgi.wiring.package=org.osgi.util.tracker)(&amp;(version&gt;=1.5.0)(!(version&gt;=2.0.0))))"/>
    </requirement>
    <requirement namespace="osgi.extender">
      <directive name="filter" value="(&amp;(osgi.extender=osgi.component)(version&gt;=1.3.0)(!(version&gt;=2.0.0)))"/>
    </requirement>
    <requirement namespace="osgi.ee">
      <directive name="filter" value="(&amp;(osgi.ee=JavaSE)(version=1.8))"/>
    </requirement>
  </resource>
</repository>
