<?xml version='1.0' encoding='UTF-8'?>
<repository xmlns="http://www.osgi.org/xmlns/repository/v1.0.0" name="Liferay CE Foundation - Liferay CE Portal Configuration - Impl" increment="1">
  <resource>
    <capability namespace="osgi.identity">
      <attribute name="osgi.identity" value="com.liferay.portal.configuration.cluster"/>
      <attribute name="type" value="osgi.bundle"/>
      <attribute name="version" value="4.0.3" type="Version"/>
    </capability>
    <capability namespace="osgi.wiring.bundle">
      <attribute name="bundle-version" value="4.0.3" type="Version"/>
      <attribute name="osgi.wiring.bundle" value="com.liferay.portal.configuration.cluster"/>
    </capability>
    <capability namespace="osgi.wiring.host">
      <attribute name="bundle-version" value="4.0.3" type="Version"/>
      <attribute name="osgi.wiring.host" value="com.liferay.portal.configuration.cluster"/>
    </capability>
    <capability namespace="osgi.service">
      <attribute name="objectClass" value="com.liferay.portal.kernel.messaging.MessageListener" type="List&lt;String&gt;"/>
    </capability>
    <capability namespace="osgi.service">
      <attribute name="objectClass" value="org.osgi.service.cm.SynchronousConfigurationListener" type="List&lt;String&gt;"/>
    </capability>
    <capability namespace="osgi.content">
      <attribute name="size" value="12407" type="Long"/>
      <attribute name="url" value="com.liferay.portal.configuration.cluster-4.0.3.jar"/>
      <attribute name="mime" value="application/vnd.osgi.bundle"/>
      <attribute name="osgi.content" value="DD4393ADE4D4E8A1B0B5BDB747F62FA00E02592417B9F877538AD2137969F16F"/>
    </capability>
    <requirement namespace="osgi.wiring.package">
      <directive name="filter" value="(&amp;(osgi.wiring.package=com.liferay.petra.lang)(&amp;(version&gt;=1.1.0)(!(version&gt;=2.0.0))))"/>
    </requirement>
    <requirement namespace="osgi.wiring.package">
      <directive name="filter" value="(&amp;(osgi.wiring.package=com.liferay.petra.string)(&amp;(version&gt;=1.3.0)(!(version&gt;=2.0.0))))"/>
    </requirement>
    <requirement namespace="osgi.wiring.package">
      <directive name="filter" value="(&amp;(osgi.wiring.package=com.liferay.portal.configuration.persistence)(&amp;(version&gt;=1.0.0)(!(version&gt;=2.0.0))))"/>
    </requirement>
    <requirement namespace="osgi.wiring.package">
      <directive name="filter" value="(&amp;(osgi.wiring.package=com.liferay.portal.kernel.cluster)(&amp;(version&gt;=7.0.0)(!(version&gt;=8.0.0))))"/>
    </requirement>
    <requirement namespace="osgi.wiring.package">
      <directive name="filter" value="(&amp;(osgi.wiring.package=com.liferay.portal.kernel.messaging)(&amp;(version&gt;=8.0.0)(!(version&gt;=9.0.0))))"/>
    </requirement>
    <requirement namespace="osgi.wiring.package">
      <directive name="filter" value="(&amp;(osgi.wiring.package=com.liferay.portal.kernel.util)(&amp;(version&gt;=8.0.0)(!(version&gt;=9.0.0))))"/>
    </requirement>
    <requirement namespace="osgi.wiring.package">
      <directive name="filter" value="(&amp;(osgi.wiring.package=org.osgi.framework)(&amp;(version&gt;=1.7.0)(!(version&gt;=2.0.0))))"/>
    </requirement>
    <requirement namespace="osgi.wiring.package">
      <directive name="filter" value="(&amp;(osgi.wiring.package=org.osgi.service.cm)(&amp;(version&gt;=1.5.0)(!(version&gt;=2.0.0))))"/>
    </requirement>
    <requirement namespace="osgi.extender">
      <directive name="filter" value="(&amp;(osgi.extender=osgi.component)(version&gt;=1.3.0)(!(version&gt;=2.0.0)))"/>
    </requirement>
    <requirement namespace="osgi.service">
      <directive name="filter" value="(objectClass=com.liferay.portal.configuration.persistence.ReloadablePersistenceManager)"/>
      <directive name="effective" value="active"/>
    </requirement>
    <requirement namespace="osgi.service">
      <directive name="filter" value="(objectClass=com.liferay.portal.kernel.cluster.ClusterLink)"/>
      <directive name="effective" value="active"/>
    </requirement>
    <requirement namespace="osgi.service">
      <directive name="filter" value="(objectClass=com.liferay.portal.kernel.messaging.Destination)"/>
      <directive name="effective" value="active"/>
    </requirement>
    <requirement namespace="osgi.service">
      <directive name="filter" value="(objectClass=com.liferay.portal.kernel.messaging.DestinationFactory)"/>
      <directive name="effective" value="active"/>
    </requirement>
    <requirement namespace="osgi.service">
      <directive name="filter" value="(objectClass=org.osgi.service.cm.ConfigurationAdmin)"/>
      <directive name="effective" value="active"/>
    </requirement>
    <requirement namespace="osgi.ee">
      <directive name="filter" value="(&amp;(osgi.ee=JavaSE)(version=1.8))"/>
    </requirement>
  </resource>
  <resource>
    <capability namespace="osgi.identity">
      <attribute name="osgi.identity" value="com.liferay.portal.configuration.extender"/>
      <attribute name="type" value="osgi.bundle"/>
      <attribute name="version" value="4.0.4" type="Version"/>
    </capability>
    <capability namespace="osgi.wiring.bundle">
      <attribute name="bundle-version" value="4.0.4" type="Version"/>
      <attribute name="osgi.wiring.bundle" value="com.liferay.portal.configuration.extender"/>
    </capability>
    <capability namespace="osgi.wiring.host">
      <attribute name="bundle-version" value="4.0.4" type="Version"/>
      <attribute name="osgi.wiring.host" value="com.liferay.portal.configuration.extender"/>
    </capability>
    <capability namespace="osgi.service">
      <attribute name="objectClass" value="com.liferay.portal.configuration.extender.internal.ConfigurationDescriptionFactory" type="List&lt;String&gt;"/>
    </capability>
    <capability namespace="osgi.service">
      <attribute name="objectClass" value="com.liferay.portal.configuration.extender.internal.NamedConfigurationContentFactory" type="List&lt;String&gt;"/>
    </capability>
    <capability namespace="osgi.content">
      <attribute name="size" value="21482" type="Long"/>
      <attribute name="url" value="com.liferay.portal.configuration.extender-4.0.4.jar"/>
      <attribute name="mime" value="application/vnd.osgi.bundle"/>
      <attribute name="osgi.content" value="787FC7A81B597F20588821687AEDBFA453B6A6146D10E7EE2E7ED28E6D93405D"/>
    </capability>
    <requirement namespace="osgi.wiring.package">
      <directive name="filter" value="(&amp;(osgi.wiring.package=com.liferay.osgi.felix.util)(&amp;(version&gt;=1.0.0)(!(version&gt;=2.0.0))))"/>
    </requirement>
    <requirement namespace="osgi.wiring.package">
      <directive name="filter" value="(&amp;(osgi.wiring.package=com.liferay.petra.string)(&amp;(version&gt;=1.3.0)(!(version&gt;=2.0.0))))"/>
    </requirement>
    <requirement namespace="osgi.wiring.package">
      <directive name="filter" value="(&amp;(osgi.wiring.package=com.liferay.portal.kernel.util)(&amp;(version&gt;=8.0.0)(!(version&gt;=9.0.0))))"/>
    </requirement>
    <requirement namespace="osgi.wiring.package">
      <directive name="filter" value="(&amp;(osgi.wiring.package=org.apache.felix.utils.extender)(&amp;(version&gt;=1.0.0)(!(version&gt;=2.0.0))))"/>
    </requirement>
    <requirement namespace="osgi.wiring.package">
      <directive name="filter" value="(&amp;(osgi.wiring.package=org.apache.felix.utils.log)(&amp;(version&gt;=1.0.0)(!(version&gt;=2.0.0))))"/>
    </requirement>
    <requirement namespace="osgi.wiring.package">
      <directive name="filter" value="(&amp;(osgi.wiring.package=org.osgi.framework)(&amp;(version&gt;=1.8.0)(!(version&gt;=2.0.0))))"/>
    </requirement>
    <requirement namespace="osgi.wiring.package">
      <directive name="filter" value="(&amp;(osgi.wiring.package=org.osgi.service.cm)(&amp;(version&gt;=1.5.0)(!(version&gt;=2.0.0))))"/>
    </requirement>
    <requirement namespace="osgi.extender">
      <directive name="filter" value="(&amp;(osgi.extender=osgi.component)(version&gt;=1.3.0)(!(version&gt;=2.0.0)))"/>
    </requirement>
    <requirement namespace="osgi.service">
      <directive name="filter" value="(objectClass=com.liferay.portal.configuration.extender.internal.ConfigurationDescriptionFactory)"/>
      <directive name="effective" value="active"/>
      <directive name="cardinality" value="multiple"/>
    </requirement>
    <requirement namespace="osgi.service">
      <directive name="filter" value="(objectClass=com.liferay.portal.configuration.extender.internal.NamedConfigurationContentFactory)"/>
      <directive name="effective" value="active"/>
      <directive name="cardinality" value="multiple"/>
    </requirement>
    <requirement namespace="osgi.service">
      <directive name="filter" value="(objectClass=org.osgi.service.cm.ConfigurationAdmin)"/>
      <directive name="effective" value="active"/>
    </requirement>
    <requirement namespace="osgi.ee">
      <directive name="filter" value="(&amp;(osgi.ee=JavaSE)(version=1.8))"/>
    </requirement>
  </resource>
  <resource>
    <capability namespace="osgi.identity">
      <attribute name="osgi.identity" value="com.liferay.portal.configuration.metatype.definitions.annotations"/>
      <attribute name="type" value="osgi.bundle"/>
      <attribute name="version" value="3.0.3" type="Version"/>
    </capability>
    <capability namespace="osgi.wiring.bundle">
      <attribute name="bundle-version" value="3.0.3" type="Version"/>
      <attribute name="osgi.wiring.bundle" value="com.liferay.portal.configuration.metatype.definitions.annotations"/>
    </capability>
    <capability namespace="osgi.wiring.host">
      <attribute name="bundle-version" value="3.0.3" type="Version"/>
      <attribute name="osgi.wiring.host" value="com.liferay.portal.configuration.metatype.definitions.annotations"/>
    </capability>
    <capability namespace="osgi.service">
      <attribute name="objectClass" value="com.liferay.portal.configuration.metatype.definitions.ExtendedMetaTypeService" type="List&lt;String&gt;"/>
    </capability>
    <capability namespace="osgi.content">
      <attribute name="size" value="11359" type="Long"/>
      <attribute name="url" value="com.liferay.portal.configuration.metatype.definitions.annotations-3.0.3.jar"/>
      <attribute name="mime" value="application/vnd.osgi.bundle"/>
      <attribute name="osgi.content" value="53B419D37C2835077FC6EA11D8C8522B0EB4CF35E88EB7E232668850A12305A0"/>
    </capability>
    <requirement namespace="osgi.wiring.package">
      <directive name="filter" value="(&amp;(osgi.wiring.package=com.liferay.petra.string)(&amp;(version&gt;=1.3.0)(!(version&gt;=2.0.0))))"/>
    </requirement>
    <requirement namespace="osgi.wiring.package">
      <directive name="filter" value="(&amp;(osgi.wiring.package=com.liferay.portal.configuration.metatype.annotations)(&amp;(version&gt;=1.2.0)(!(version&gt;=2.0.0))))"/>
    </requirement>
    <requirement namespace="osgi.wiring.package">
      <directive name="filter" value="(&amp;(osgi.wiring.package=com.liferay.portal.configuration.metatype.definitions)(&amp;(version&gt;=1.0.0)(!(version&gt;=2.0.0))))"/>
    </requirement>
    <requirement namespace="osgi.wiring.package">
      <directive name="filter" value="(&amp;(osgi.wiring.package=com.liferay.portal.kernel.log)(&amp;(version&gt;=7.0.0)(!(version&gt;=8.0.0))))"/>
    </requirement>
    <requirement namespace="osgi.wiring.package">
      <directive name="filter" value="(&amp;(osgi.wiring.package=com.liferay.portal.kernel.util)(&amp;(version&gt;=8.0.0)(!(version&gt;=9.0.0))))"/>
    </requirement>
    <requirement namespace="osgi.wiring.package">
      <directive name="filter" value="(&amp;(osgi.wiring.package=org.osgi.framework)(&amp;(version&gt;=1.7.0)(!(version&gt;=2.0.0))))"/>
    </requirement>
    <requirement namespace="osgi.wiring.package">
      <directive name="filter" value="(&amp;(osgi.wiring.package=org.osgi.framework.wiring)(&amp;(version&gt;=1.1.0)(!(version&gt;=2.0.0))))"/>
    </requirement>
    <requirement namespace="osgi.wiring.package">
      <directive name="filter" value="(&amp;(osgi.wiring.package=org.osgi.service.metatype)(&amp;(version&gt;=1.3.0)(!(version&gt;=2.0.0))))"/>
    </requirement>
    <requirement namespace="osgi.extender">
      <directive name="filter" value="(&amp;(osgi.extender=osgi.component)(version&gt;=1.3.0)(!(version&gt;=2.0.0)))"/>
    </requirement>
    <requirement namespace="osgi.service">
      <directive name="filter" value="(objectClass=org.osgi.service.metatype.MetaTypeService)"/>
      <directive name="effective" value="active"/>
    </requirement>
    <requirement namespace="osgi.ee">
      <directive name="filter" value="(&amp;(osgi.ee=JavaSE)(version=1.7))"/>
    </requirement>
  </resource>
  <resource>
    <capability namespace="osgi.identity">
      <attribute name="osgi.identity" value="com.liferay.portal.configuration.metatype.definitions.equinox"/>
      <attribute name="type" value="osgi.bundle"/>
      <attribute name="version" value="3.0.0" type="Version"/>
    </capability>
    <capability namespace="osgi.wiring.bundle">
      <attribute name="bundle-version" value="3.0.0" type="Version"/>
      <attribute name="osgi.wiring.bundle" value="com.liferay.portal.configuration.metatype.definitions.equinox"/>
    </capability>
    <capability namespace="osgi.wiring.host">
      <attribute name="bundle-version" value="3.0.0" type="Version"/>
      <attribute name="osgi.wiring.host" value="com.liferay.portal.configuration.metatype.definitions.equinox"/>
    </capability>
    <capability namespace="osgi.content">
      <attribute name="size" value="8410" type="Long"/>
      <attribute name="url" value="com.liferay.portal.configuration.metatype.definitions.equinox-3.0.0.jar"/>
      <attribute name="mime" value="application/vnd.osgi.bundle"/>
      <attribute name="osgi.content" value="DECEF42D78E70D41C9274BA3BF1D5FF743D02788BE82A611BB7E16A8AE356FD4"/>
    </capability>
    <requirement namespace="osgi.wiring.package">
      <directive name="filter" value="(&amp;(osgi.wiring.package=com.liferay.portal.configuration.metatype.definitions)(&amp;(version&gt;=1.0.0)(!(version&gt;=2.0.0))))"/>
    </requirement>
    <requirement namespace="osgi.wiring.package">
      <directive name="filter" value="(&amp;(osgi.wiring.package=org.eclipse.equinox.metatype)(&amp;(version&gt;=1.3.0)(!(version&gt;=2.0.0))))"/>
    </requirement>
    <requirement namespace="osgi.wiring.package">
      <directive name="filter" value="(&amp;(osgi.wiring.package=org.osgi.framework)(&amp;(version&gt;=1.7.0)(!(version&gt;=2.0.0))))"/>
    </requirement>
    <requirement namespace="osgi.wiring.package">
      <directive name="filter" value="(&amp;(osgi.wiring.package=org.osgi.service.metatype)(&amp;(version&gt;=1.3.0)(!(version&gt;=2.0.0))))"/>
    </requirement>
    <requirement namespace="osgi.ee">
      <directive name="filter" value="(&amp;(osgi.ee=JavaSE)(version=1.7))"/>
    </requirement>
  </resource>
  <resource>
    <capability namespace="osgi.identity">
      <attribute name="osgi.identity" value="com.liferay.portal.configuration.module.configuration"/>
      <attribute name="type" value="osgi.bundle"/>
      <attribute name="version" value="3.0.4" type="Version"/>
    </capability>
    <capability namespace="osgi.wiring.bundle">
      <attribute name="bundle-version" value="3.0.4" type="Version"/>
      <attribute name="osgi.wiring.bundle" value="com.liferay.portal.configuration.module.configuration"/>
    </capability>
    <capability namespace="osgi.wiring.host">
      <attribute name="bundle-version" value="3.0.4" type="Version"/>
      <attribute name="osgi.wiring.host" value="com.liferay.portal.configuration.module.configuration"/>
    </capability>
    <capability namespace="osgi.service">
      <attribute name="objectClass" value="com.liferay.portal.kernel.module.configuration.ConfigurationProvider" type="List&lt;String&gt;"/>
    </capability>
    <capability namespace="osgi.content">
      <attribute name="size" value="13065" type="Long"/>
      <attribute name="url" value="com.liferay.portal.configuration.module.configuration-3.0.4.jar"/>
      <attribute name="mime" value="application/vnd.osgi.bundle"/>
      <attribute name="osgi.content" value="30E99CA85314EB8B6F2896768B27CB992A7D8628E448A41FDBB2C3046BFCE156"/>
    </capability>
    <requirement namespace="osgi.wiring.package">
      <directive name="filter" value="(&amp;(osgi.wiring.package=aQute.bnd.annotation.metatype)(&amp;(version&gt;=1.45.0)(!(version&gt;=2.0.0))))"/>
    </requirement>
    <requirement namespace="osgi.wiring.package">
      <directive name="filter" value="(&amp;(osgi.wiring.package=com.liferay.petra.concurrent)(&amp;(version&gt;=1.2.0)(!(version&gt;=2.0.0))))"/>
    </requirement>
    <requirement namespace="osgi.wiring.package">
      <directive name="filter" value="(&amp;(osgi.wiring.package=com.liferay.petra.memory)(&amp;(version&gt;=1.0.0)(!(version&gt;=2.0.0))))"/>
    </requirement>
    <requirement namespace="osgi.wiring.package">
      <directive name="filter" value="(&amp;(osgi.wiring.package=com.liferay.petra.string)(&amp;(version&gt;=1.3.0)(!(version&gt;=2.0.0))))"/>
    </requirement>
    <requirement namespace="osgi.wiring.package">
      <directive name="filter" value="(&amp;(osgi.wiring.package=com.liferay.portal.configuration.metatype.annotations)(&amp;(version&gt;=1.1.0)(!(version&gt;=2.0.0))))"/>
    </requirement>
    <requirement namespace="osgi.wiring.package">
      <directive name="filter" value="(&amp;(osgi.wiring.package=com.liferay.portal.configuration.metatype.util)(&amp;(version&gt;=1.1.0)(!(version&gt;=2.0.0))))"/>
    </requirement>
    <requirement namespace="osgi.wiring.package">
      <directive name="filter" value="(&amp;(osgi.wiring.package=com.liferay.portal.kernel.model)(&amp;(version&gt;=2.0.0)(!(version&gt;=3.0.0))))"/>
    </requirement>
    <requirement namespace="osgi.wiring.package">
      <directive name="filter" value="(&amp;(osgi.wiring.package=com.liferay.portal.kernel.module.configuration)(&amp;(version&gt;=1.3.0)(!(version&gt;=1.4.0))))"/>
    </requirement>
    <requirement namespace="osgi.wiring.package">
      <directive name="filter" value="(&amp;(osgi.wiring.package=com.liferay.portal.kernel.settings)(&amp;(version&gt;=1.3.0)(!(version&gt;=2.0.0))))"/>
    </requirement>
    <requirement namespace="osgi.wiring.package">
      <directive name="filter" value="(&amp;(osgi.wiring.package=com.liferay.portal.kernel.util)(&amp;(version&gt;=8.0.0)(!(version&gt;=9.0.0))))"/>
    </requirement>
    <requirement namespace="osgi.wiring.package">
      <directive name="filter" value="(&amp;(osgi.wiring.package=org.osgi.framework)(&amp;(version&gt;=1.7.0)(!(version&gt;=2.0.0))))"/>
    </requirement>
    <requirement namespace="osgi.wiring.package">
      <directive name="filter" value="(&amp;(osgi.wiring.package=org.osgi.service.cm)(&amp;(version&gt;=1.5.0)(!(version&gt;=2.0.0))))"/>
    </requirement>
    <requirement namespace="osgi.extender">
      <directive name="filter" value="(&amp;(osgi.extender=osgi.component)(version&gt;=1.3.0)(!(version&gt;=2.0.0)))"/>
    </requirement>
    <requirement namespace="osgi.service">
      <directive name="filter" value="(objectClass=com.liferay.portal.kernel.settings.SettingsFactory)"/>
      <directive name="effective" value="active"/>
    </requirement>
    <requirement namespace="osgi.service">
      <directive name="filter" value="(objectClass=org.osgi.service.cm.ConfigurationAdmin)"/>
      <directive name="effective" value="active"/>
    </requirement>
    <requirement namespace="osgi.ee">
      <directive name="filter" value="(&amp;(osgi.ee=JavaSE)(version=1.7))"/>
    </requirement>
  </resource>
  <resource>
    <capability namespace="osgi.identity">
      <attribute name="osgi.identity" value="com.liferay.portal.configuration.settings"/>
      <attribute name="type" value="osgi.bundle"/>
      <attribute name="version" value="3.0.8" type="Version"/>
    </capability>
    <capability namespace="osgi.wiring.bundle">
      <attribute name="bundle-version" value="3.0.8" type="Version"/>
      <attribute name="osgi.wiring.bundle" value="com.liferay.portal.configuration.settings"/>
    </capability>
    <capability namespace="osgi.wiring.host">
      <attribute name="bundle-version" value="3.0.8" type="Version"/>
      <attribute name="osgi.wiring.host" value="com.liferay.portal.configuration.settings"/>
    </capability>
    <capability namespace="osgi.service">
      <attribute name="objectClass" value="com.liferay.portal.configuration.settings.internal.scoped.configuration.ScopedConfigurationBeanConfigurationListener,org.osgi.service.cm.ConfigurationListener" type="List&lt;String&gt;"/>
    </capability>
    <capability namespace="osgi.service">
      <attribute name="objectClass" value="com.liferay.portal.kernel.settings.SettingsFactory" type="List&lt;String&gt;"/>
    </capability>
    <capability namespace="osgi.service">
      <attribute name="objectClass" value="com.liferay.portal.kernel.settings.SettingsLocatorHelper" type="List&lt;String&gt;"/>
    </capability>
    <capability namespace="osgi.content">
      <attribute name="size" value="36508" type="Long"/>
      <attribute name="url" value="com.liferay.portal.configuration.settings-3.0.8.jar"/>
      <attribute name="mime" value="application/vnd.osgi.bundle"/>
      <attribute name="osgi.content" value="73F07B763CA6301A8B41166417303E78018F0A3CA228E40578728E40CE0E29D8"/>
    </capability>
    <requirement namespace="osgi.wiring.package">
      <directive name="filter" value="(&amp;(osgi.wiring.package=com.liferay.portal.kernel.settings)(&amp;(version&gt;=1.2.0)(!(version&gt;=2.0.0))))"/>
    </requirement>
    <requirement namespace="osgi.wiring.package">
      <directive name="filter" value="(&amp;(osgi.wiring.package=aQute.bnd.annotation.metatype)(&amp;(version&gt;=1.45.0)(!(version&gt;=2.0.0))))"/>
    </requirement>
    <requirement namespace="osgi.wiring.package">
      <directive name="filter" value="(&amp;(osgi.wiring.package=com.liferay.petra.string)(&amp;(version&gt;=1.3.0)(!(version&gt;=2.0.0))))"/>
    </requirement>
    <requirement namespace="osgi.wiring.package">
      <directive name="filter" value="(&amp;(osgi.wiring.package=com.liferay.portal.configuration.metatype.annotations)(&amp;(version&gt;=1.1.0)(!(version&gt;=2.0.0))))"/>
    </requirement>
    <requirement namespace="osgi.wiring.package">
      <directive name="filter" value="(&amp;(osgi.wiring.package=com.liferay.portal.configuration.metatype.bnd.util)(&amp;(version&gt;=2.0.0)(!(version&gt;=3.0.0))))"/>
    </requirement>
    <requirement namespace="osgi.wiring.package">
      <directive name="filter" value="(&amp;(osgi.wiring.package=com.liferay.portal.configuration.metatype.util)(&amp;(version&gt;=1.1.0)(!(version&gt;=2.0.0))))"/>
    </requirement>
    <requirement namespace="osgi.wiring.package">
      <directive name="filter" value="(&amp;(osgi.wiring.package=com.liferay.portal.kernel.exception)(&amp;(version&gt;=7.2.0)(!(version&gt;=8.0.0))))"/>
    </requirement>
    <requirement namespace="osgi.wiring.package">
      <directive name="filter" value="(&amp;(osgi.wiring.package=com.liferay.portal.kernel.log)(&amp;(version&gt;=7.0.0)(!(version&gt;=8.0.0))))"/>
    </requirement>
    <requirement namespace="osgi.wiring.package">
      <directive name="filter" value="(&amp;(osgi.wiring.package=com.liferay.portal.kernel.model)(&amp;(version&gt;=2.0.0)(!(version&gt;=3.0.0))))"/>
    </requirement>
    <requirement namespace="osgi.wiring.package">
      <directive name="filter" value="(&amp;(osgi.wiring.package=com.liferay.portal.kernel.portlet)(&amp;(version&gt;=8.0.0)(!(version&gt;=9.0.0))))"/>
    </requirement>
    <requirement namespace="osgi.wiring.package">
      <directive name="filter" value="(&amp;(osgi.wiring.package=com.liferay.portal.kernel.resource.manager)(&amp;(version&gt;=1.0.0)(!(version&gt;=2.0.0))))"/>
    </requirement>
    <requirement namespace="osgi.wiring.package">
      <directive name="filter" value="(&amp;(osgi.wiring.package=com.liferay.portal.kernel.security.auth)(&amp;(version&gt;=1.1.0)(!(version&gt;=2.0.0))))"/>
    </requirement>
    <requirement namespace="osgi.wiring.package">
      <directive name="filter" value="(&amp;(osgi.wiring.package=com.liferay.portal.kernel.service)(&amp;(version&gt;=1.27.0)(!(version&gt;=2.0.0))))"/>
    </requirement>
    <requirement namespace="osgi.wiring.package">
      <directive name="filter" value="(&amp;(osgi.wiring.package=com.liferay.portal.kernel.settings.definition)(&amp;(version&gt;=1.0.0)(!(version&gt;=2.0.0))))"/>
    </requirement>
    <requirement namespace="osgi.wiring.package">
      <directive name="filter" value="(&amp;(osgi.wiring.package=com.liferay.portal.kernel.util)(&amp;(version&gt;=8.0.0)(!(version&gt;=9.0.0))))"/>
    </requirement>
    <requirement namespace="osgi.wiring.package">
      <directive name="filter" value="(&amp;(osgi.wiring.package=com.liferay.portal.util)(&amp;(version&gt;=2.0.0)(!(version&gt;=3.0.0))))"/>
    </requirement>
    <requirement namespace="osgi.wiring.package">
      <directive name="filter" value="(&amp;(osgi.wiring.package=javax.portlet))"/>
    </requirement>
    <requirement namespace="osgi.wiring.package">
      <directive name="filter" value="(&amp;(osgi.wiring.package=org.osgi.framework)(&amp;(version&gt;=1.7.0)(!(version&gt;=2.0.0))))"/>
    </requirement>
    <requirement namespace="osgi.wiring.package">
      <directive name="filter" value="(&amp;(osgi.wiring.package=org.osgi.service.cm)(&amp;(version&gt;=1.5.0)(!(version&gt;=2.0.0))))"/>
    </requirement>
    <requirement namespace="osgi.wiring.package">
      <directive name="filter" value="(&amp;(osgi.wiring.package=org.osgi.util.tracker)(&amp;(version&gt;=1.5.0)(!(version&gt;=2.0.0))))"/>
    </requirement>
    <requirement namespace="osgi.extender">
      <directive name="filter" value="(&amp;(osgi.extender=osgi.component)(version&gt;=1.3.0)(!(version&gt;=2.0.0)))"/>
    </requirement>
    <requirement namespace="osgi.service">
      <directive name="filter" value="(objectClass=com.liferay.portal.configuration.settings.internal.scoped.configuration.ScopedConfigurationBeanConfigurationListener)"/>
      <directive name="effective" value="active"/>
    </requirement>
    <requirement namespace="osgi.service">
      <directive name="filter" value="(objectClass=com.liferay.portal.kernel.portlet.PortletPreferencesFactory)"/>
      <directive name="effective" value="active"/>
    </requirement>
    <requirement namespace="osgi.service">
      <directive name="filter" value="(objectClass=com.liferay.portal.kernel.service.GroupLocalService)"/>
      <directive name="effective" value="active"/>
    </requirement>
    <requirement namespace="osgi.service">
      <directive name="filter" value="(objectClass=com.liferay.portal.kernel.service.LayoutLocalService)"/>
      <directive name="effective" value="active"/>
    </requirement>
    <requirement namespace="osgi.service">
      <directive name="filter" value="(objectClass=com.liferay.portal.kernel.service.PortletItemLocalService)"/>
      <directive name="effective" value="active"/>
    </requirement>
    <requirement namespace="osgi.service">
      <directive name="filter" value="(objectClass=com.liferay.portal.kernel.service.PortletLocalService)"/>
      <directive name="effective" value="active"/>
    </requirement>
    <requirement namespace="osgi.service">
      <directive name="filter" value="(objectClass=com.liferay.portal.kernel.service.PortletPreferencesLocalService)"/>
      <directive name="effective" value="active"/>
    </requirement>
    <requirement namespace="osgi.service">
      <directive name="filter" value="(objectClass=com.liferay.portal.kernel.settings.definition.ConfigurationBeanDeclaration)"/>
      <directive name="effective" value="active"/>
      <directive name="resolution" value="optional"/>
      <directive name="cardinality" value="multiple"/>
    </requirement>
    <requirement namespace="osgi.service">
      <directive name="filter" value="(objectClass=com.liferay.portal.kernel.settings.definition.ConfigurationPidMapping)"/>
      <directive name="effective" value="active"/>
      <directive name="resolution" value="optional"/>
      <directive name="cardinality" value="multiple"/>
    </requirement>
    <requirement namespace="osgi.service">
      <directive name="filter" value="(objectClass=com.liferay.portal.kernel.util.Portal)"/>
      <directive name="effective" value="active"/>
    </requirement>
    <requirement namespace="osgi.service">
      <directive name="filter" value="(objectClass=com.liferay.portal.kernel.util.Props)"/>
      <directive name="effective" value="active"/>
    </requirement>
    <requirement namespace="osgi.contract">
      <directive name="filter" value="(&amp;(osgi.contract=JavaPortlet)(version=3.0.0))"/>
      <attribute name="osgi.contract" value="JavaPortlet"/>
    </requirement>
    <requirement namespace="osgi.ee">
      <directive name="filter" value="(&amp;(osgi.ee=JavaSE)(version=1.8))"/>
    </requirement>
  </resource>
  <resource>
    <capability namespace="osgi.identity">
      <attribute name="osgi.identity" value="com.liferay.portal.configuration.upgrade.impl"/>
      <attribute name="type" value="osgi.bundle"/>
      <attribute name="version" value="1.0.4" type="Version"/>
    </capability>
    <capability namespace="osgi.wiring.bundle">
      <attribute name="bundle-version" value="1.0.4" type="Version"/>
      <attribute name="osgi.wiring.bundle" value="com.liferay.portal.configuration.upgrade.impl"/>
    </capability>
    <capability namespace="osgi.wiring.host">
      <attribute name="bundle-version" value="1.0.4" type="Version"/>
      <attribute name="osgi.wiring.host" value="com.liferay.portal.configuration.upgrade.impl"/>
    </capability>
    <capability namespace="osgi.service">
      <attribute name="objectClass" value="com.liferay.portal.configuration.upgrade.PrefsPropsToConfigurationUpgradeHelper" type="List&lt;String&gt;"/>
    </capability>
    <capability namespace="osgi.content">
      <attribute name="size" value="9129" type="Long"/>
      <attribute name="url" value="com.liferay.portal.configuration.upgrade.impl-1.0.4.jar"/>
      <attribute name="mime" value="application/vnd.osgi.bundle"/>
      <attribute name="osgi.content" value="AAE0AD09968835463C5B637108B0FBD744DE2E6266EEAFD146ECD349D82BB267"/>
    </capability>
    <requirement namespace="osgi.wiring.package">
      <directive name="filter" value="(&amp;(osgi.wiring.package=com.liferay.petra.string)(&amp;(version&gt;=1.3.0)(!(version&gt;=2.0.0))))"/>
    </requirement>
    <requirement namespace="osgi.wiring.package">
      <directive name="filter" value="(&amp;(osgi.wiring.package=com.liferay.portal.configuration.metatype.bnd.util)(&amp;(version&gt;=2.0.0)(!(version&gt;=3.0.0))))"/>
    </requirement>
    <requirement namespace="osgi.wiring.package">
      <directive name="filter" value="(&amp;(osgi.wiring.package=com.liferay.portal.configuration.upgrade)(&amp;(version&gt;=1.1.0)(!(version&gt;=2.0.0))))"/>
    </requirement>
    <requirement namespace="osgi.wiring.package">
      <directive name="filter" value="(&amp;(osgi.wiring.package=com.liferay.portal.kernel.upgrade)(&amp;(version&gt;=7.6.0)(!(version&gt;=8.0.0))))"/>
    </requirement>
    <requirement namespace="osgi.wiring.package">
      <directive name="filter" value="(&amp;(osgi.wiring.package=com.liferay.portal.kernel.util)(&amp;(version&gt;=8.0.0)(!(version&gt;=9.0.0))))"/>
    </requirement>
    <requirement namespace="osgi.wiring.package">
      <directive name="filter" value="(&amp;(osgi.wiring.package=javax.portlet))"/>
    </requirement>
    <requirement namespace="osgi.wiring.package">
      <directive name="filter" value="(&amp;(osgi.wiring.package=org.osgi.service.cm)(&amp;(version&gt;=1.5.0)(!(version&gt;=2.0.0))))"/>
    </requirement>
    <requirement namespace="osgi.extender">
      <directive name="filter" value="(&amp;(osgi.extender=osgi.component)(version&gt;=1.3.0)(!(version&gt;=2.0.0)))"/>
    </requirement>
    <requirement namespace="osgi.service">
      <directive name="filter" value="(objectClass=com.liferay.portal.kernel.util.PrefsProps)"/>
      <directive name="effective" value="active"/>
    </requirement>
    <requirement namespace="osgi.service">
      <directive name="filter" value="(objectClass=org.osgi.service.cm.ConfigurationAdmin)"/>
      <directive name="effective" value="active"/>
    </requirement>
    <requirement namespace="osgi.contract">
      <directive name="filter" value="(&amp;(osgi.contract=JavaPortlet)(version=3.0.0))"/>
      <attribute name="osgi.contract" value="JavaPortlet"/>
    </requirement>
    <requirement namespace="osgi.ee">
      <directive name="filter" value="(&amp;(osgi.ee=JavaSE)(version=1.7))"/>
    </requirement>
  </resource>
</repository>
