<?xml version='1.0' encoding='UTF-8'?>
<repository xmlns="http://www.osgi.org/xmlns/repository/v1.0.0" name="Liferay CE Foundation - Liferay CE Friendly URL - API" increment="1">
  <resource>
    <capability namespace="osgi.identity">
      <attribute name="osgi.identity" value="com.liferay.friendly.url.api"/>
      <attribute name="type" value="osgi.bundle"/>
      <attribute name="version" value="1.0.3" type="Version"/>
    </capability>
    <capability namespace="osgi.wiring.bundle">
      <attribute name="bundle-version" value="1.0.3" type="Version"/>
      <attribute name="osgi.wiring.bundle" value="com.liferay.friendly.url.api"/>
    </capability>
    <capability namespace="osgi.wiring.host">
      <attribute name="bundle-version" value="1.0.3" type="Version"/>
      <attribute name="osgi.wiring.host" value="com.liferay.friendly.url.api"/>
    </capability>
    <capability namespace="osgi.wiring.package">
      <directive name="uses" value="com.liferay.portal.kernel.exception"/>
      <attribute name="version" value="1.0.0" type="Version"/>
      <attribute name="osgi.wiring.package" value="com.liferay.friendly.url.exception"/>
    </capability>
    <capability namespace="osgi.wiring.package">
      <directive name="uses" value="com.liferay.expando.kernel.model,com.liferay.exportimport.kernel.lar,com.liferay.portal.kernel.annotation,com.liferay.portal.kernel.bean,com.liferay.portal.kernel.exception,com.liferay.portal.kernel.model,com.liferay.portal.kernel.service,com.liferay.portal.kernel.util"/>
      <attribute name="version" value="1.0.0" type="Version"/>
      <attribute name="osgi.wiring.package" value="com.liferay.friendly.url.model"/>
    </capability>
    <capability namespace="osgi.wiring.package">
      <directive name="uses" value="com.liferay.exportimport.kernel.lar,com.liferay.friendly.url.model,com.liferay.portal.kernel.dao.orm,com.liferay.portal.kernel.exception,com.liferay.portal.kernel.model,com.liferay.portal.kernel.search,com.liferay.portal.kernel.service,com.liferay.portal.kernel.transaction,com.liferay.portal.kernel.util"/>
      <attribute name="version" value="1.0.1" type="Version"/>
      <attribute name="osgi.wiring.package" value="com.liferay.friendly.url.service"/>
    </capability>
    <capability namespace="osgi.wiring.package">
      <directive name="uses" value="com.liferay.friendly.url.exception,com.liferay.friendly.url.model,com.liferay.portal.kernel.dao.orm,com.liferay.portal.kernel.service,com.liferay.portal.kernel.service.persistence,com.liferay.portal.kernel.util"/>
      <attribute name="version" value="1.0.0" type="Version"/>
      <attribute name="osgi.wiring.package" value="com.liferay.friendly.url.service.persistence"/>
    </capability>
    <capability namespace="osgi.content">
      <attribute name="size" value="56287" type="Long"/>
      <attribute name="url" value="com.liferay.friendly.url.api-1.0.3.jar"/>
      <attribute name="mime" value="application/vnd.osgi.bundle"/>
      <attribute name="osgi.content" value="8012F1DD20BC4A1F57A9AAAF7DC4F9F31D9CDE8C73E5F86AFA78CEBD90DA00D6"/>
    </capability>
    <requirement namespace="osgi.wiring.package">
      <directive name="filter" value="(&amp;(osgi.wiring.package=com.liferay.expando.kernel.model)(&amp;(version&gt;=1.1.0)(!(version&gt;=2.0.0))))"/>
    </requirement>
    <requirement namespace="osgi.wiring.package">
      <directive name="filter" value="(&amp;(osgi.wiring.package=com.liferay.exportimport.kernel.lar)(&amp;(version&gt;=1.8.0)(!(version&gt;=2.0.0))))"/>
    </requirement>
    <requirement namespace="osgi.wiring.package">
      <directive name="filter" value="(&amp;(osgi.wiring.package=com.liferay.friendly.url.exception)(&amp;(version&gt;=1.0.0)(!(version&gt;=2.0.0))))"/>
    </requirement>
    <requirement namespace="osgi.wiring.package">
      <directive name="filter" value="(&amp;(osgi.wiring.package=com.liferay.friendly.url.model)(&amp;(version&gt;=1.0.0)(!(version&gt;=1.1.0))))"/>
    </requirement>
    <requirement namespace="osgi.wiring.package">
      <directive name="filter" value="(&amp;(osgi.wiring.package=com.liferay.petra.string)(&amp;(version&gt;=1.3.0)(!(version&gt;=2.0.0))))"/>
    </requirement>
    <requirement namespace="osgi.wiring.package">
      <directive name="filter" value="(&amp;(osgi.wiring.package=com.liferay.portal.kernel.annotation)(&amp;(version&gt;=6.3.0)(!(version&gt;=7.0.0))))"/>
    </requirement>
    <requirement namespace="osgi.wiring.package">
      <directive name="filter" value="(&amp;(osgi.wiring.package=com.liferay.portal.kernel.bean)(&amp;(version&gt;=7.1.0)(!(version&gt;=8.0.0))))"/>
    </requirement>
    <requirement namespace="osgi.wiring.package">
      <directive name="filter" value="(&amp;(osgi.wiring.package=com.liferay.portal.kernel.dao.orm)(&amp;(version&gt;=7.3.0)(!(version&gt;=8.0.0))))"/>
    </requirement>
    <requirement namespace="osgi.wiring.package">
      <directive name="filter" value="(&amp;(osgi.wiring.package=com.liferay.portal.kernel.exception)(&amp;(version&gt;=7.2.0)(!(version&gt;=8.0.0))))"/>
    </requirement>
    <requirement namespace="osgi.wiring.package">
      <directive name="filter" value="(&amp;(osgi.wiring.package=com.liferay.portal.kernel.model)(&amp;(version&gt;=2.0.0)(!(version&gt;=2.1.0))))"/>
    </requirement>
    <requirement namespace="osgi.wiring.package">
      <directive name="filter" value="(&amp;(osgi.wiring.package=com.liferay.portal.kernel.search)(&amp;(version&gt;=7.6.0)(!(version&gt;=8.0.0))))"/>
    </requirement>
    <requirement namespace="osgi.wiring.package">
      <directive name="filter" value="(&amp;(osgi.wiring.package=com.liferay.portal.kernel.service)(&amp;(version&gt;=1.27.0)(!(version&gt;=2.0.0))))"/>
    </requirement>
    <requirement namespace="osgi.wiring.package">
      <directive name="filter" value="(&amp;(osgi.wiring.package=com.liferay.portal.kernel.service.persistence)(&amp;(version&gt;=1.16.0)(!(version&gt;=2.0.0))))"/>
    </requirement>
    <requirement namespace="osgi.wiring.package">
      <directive name="filter" value="(&amp;(osgi.wiring.package=com.liferay.portal.kernel.transaction)(&amp;(version&gt;=7.1.0)(!(version&gt;=8.0.0))))"/>
    </requirement>
    <requirement namespace="osgi.wiring.package">
      <directive name="filter" value="(&amp;(osgi.wiring.package=com.liferay.portal.kernel.util)(&amp;(version&gt;=8.0.0)(!(version&gt;=9.0.0))))"/>
    </requirement>
    <requirement namespace="osgi.wiring.package">
      <directive name="filter" value="(&amp;(osgi.wiring.package=org.osgi.framework)(&amp;(version&gt;=1.8.0)(!(version&gt;=2.0.0))))"/>
    </requirement>
    <requirement namespace="osgi.wiring.package">
      <directive name="filter" value="(&amp;(osgi.wiring.package=org.osgi.util.tracker)(&amp;(version&gt;=1.5.0)(!(version&gt;=2.0.0))))"/>
    </requirement>
    <requirement namespace="osgi.ee">
      <directive name="filter" value="(&amp;(osgi.ee=JavaSE)(version=1.8))"/>
    </requirement>
  </resource>
</repository>
