<?xml version='1.0' encoding='UTF-8'?>
<repository xmlns="http://www.osgi.org/xmlns/repository/v1.0.0" name="Liferay CE Forms and Workflow - Liferay CE Dynamic Data Lists - Impl" increment="1">
  <resource>
    <capability namespace="osgi.identity">
      <attribute name="osgi.identity" value="com.liferay.dynamic.data.lists.service"/>
      <attribute name="type" value="osgi.bundle"/>
      <attribute name="version" value="2.0.14" type="Version"/>
    </capability>
    <capability namespace="osgi.wiring.bundle">
      <attribute name="bundle-version" value="2.0.14" type="Version"/>
      <attribute name="osgi.wiring.bundle" value="com.liferay.dynamic.data.lists.service"/>
    </capability>
    <capability namespace="osgi.wiring.host">
      <attribute name="bundle-version" value="2.0.14" type="Version"/>
      <attribute name="osgi.wiring.host" value="com.liferay.dynamic.data.lists.service"/>
    </capability>
    <capability namespace="osgi.service">
      <attribute name="objectClass" value="com.liferay.dynamic.data.lists.exporter.DDLExporter" type="List&lt;String&gt;"/>
    </capability>
    <capability namespace="osgi.service">
      <attribute name="objectClass" value="com.liferay.dynamic.data.lists.exporter.DDLExporterFactory" type="List&lt;String&gt;"/>
    </capability>
    <capability namespace="osgi.service">
      <attribute name="objectClass" value="com.liferay.dynamic.data.lists.internal.exportimport.staged.model.repository.DDLRecordSetStagedModelRepository,com.liferay.exportimport.staged.model.repository.StagedModelRepository" type="List&lt;String&gt;"/>
    </capability>
    <capability namespace="osgi.service">
      <attribute name="objectClass" value="com.liferay.dynamic.data.lists.internal.exportimport.staged.model.repository.DDLRecordStagedModelRepository,com.liferay.exportimport.staged.model.repository.StagedModelRepository" type="List&lt;String&gt;"/>
    </capability>
    <capability namespace="osgi.service">
      <attribute name="objectClass" value="com.liferay.dynamic.data.lists.internal.upgrade.DDLServiceUpgrade,com.liferay.portal.upgrade.registry.UpgradeStepRegistrator" type="List&lt;String&gt;"/>
    </capability>
    <capability namespace="osgi.service">
      <attribute name="objectClass" value="com.liferay.dynamic.data.lists.util.DDL" type="List&lt;String&gt;"/>
    </capability>
    <capability namespace="osgi.service">
      <attribute name="objectClass" value="com.liferay.dynamic.data.mapping.util.DDMStructurePermissionSupport,com.liferay.dynamic.data.mapping.util.DDMTemplatePermissionSupport" type="List&lt;String&gt;"/>
    </capability>
    <capability namespace="osgi.service">
      <attribute name="objectClass" value="com.liferay.exportimport.kernel.lar.StagedModelDataHandler" type="List&lt;String&gt;"/>
    </capability>
    <capability namespace="osgi.service">
      <attribute name="objectClass" value="com.liferay.portal.instance.lifecycle.PortalInstanceLifecycleListener" type="List&lt;String&gt;"/>
    </capability>
    <capability namespace="osgi.service">
      <attribute name="objectClass" value="com.liferay.portal.kernel.model.ModelListener" type="List&lt;String&gt;"/>
    </capability>
    <capability namespace="osgi.service">
      <attribute name="objectClass" value="com.liferay.portal.kernel.search.Indexer" type="List&lt;String&gt;"/>
    </capability>
    <capability namespace="osgi.service">
      <attribute name="objectClass" value="com.liferay.portal.kernel.security.permission.PermissionUpdateHandler" type="List&lt;String&gt;"/>
    </capability>
    <capability namespace="osgi.service">
      <attribute name="objectClass" value="com.liferay.portal.kernel.workflow.WorkflowHandler" type="List&lt;String&gt;"/>
    </capability>
    <capability namespace="osgi.service">
      <attribute name="objectClass" value="com.liferay.portal.search.permission.SearchPermissionFilterContributor" type="List&lt;String&gt;"/>
    </capability>
    <capability namespace="osgi.service">
      <attribute name="objectClass" value="com.liferay.xstream.configurator.XStreamConfigurator" type="List&lt;String&gt;"/>
    </capability>
    <capability namespace="liferay.resource.bundle">
      <attribute name="bundle.symbolic.name" value="com.liferay.dynamic.data.lists.service"/>
      <attribute name="resource.bundle.base.name" value="content.Language"/>
    </capability>
    <capability namespace="osgi.service">
      <attribute name="objectClass" value="com.liferay.dynamic.data.lists.service.DDLRecordLocalService" type="List&lt;String&gt;"/>
    </capability>
    <capability namespace="osgi.service">
      <attribute name="objectClass" value="com.liferay.dynamic.data.lists.service.DDLRecordService" type="List&lt;String&gt;"/>
    </capability>
    <capability namespace="osgi.service">
      <attribute name="objectClass" value="com.liferay.dynamic.data.lists.service.DDLRecordSetLocalService" type="List&lt;String&gt;"/>
    </capability>
    <capability namespace="osgi.service">
      <attribute name="objectClass" value="com.liferay.dynamic.data.lists.service.DDLRecordSetService" type="List&lt;String&gt;"/>
    </capability>
    <capability namespace="osgi.service">
      <attribute name="objectClass" value="com.liferay.dynamic.data.lists.service.DDLRecordSetVersionLocalService" type="List&lt;String&gt;"/>
    </capability>
    <capability namespace="osgi.service">
      <attribute name="objectClass" value="com.liferay.dynamic.data.lists.service.DDLRecordSetVersionService" type="List&lt;String&gt;"/>
    </capability>
    <capability namespace="osgi.service">
      <attribute name="objectClass" value="com.liferay.dynamic.data.lists.service.DDLRecordVersionLocalService" type="List&lt;String&gt;"/>
    </capability>
    <capability namespace="osgi.service">
      <attribute name="objectClass" value="com.liferay.dynamic.data.lists.service.DDLRecordVersionService" type="List&lt;String&gt;"/>
    </capability>
    <capability namespace="osgi.content">
      <attribute name="size" value="2988876" type="Long"/>
      <attribute name="url" value="com.liferay.dynamic.data.lists.service-2.0.14.jar"/>
      <attribute name="mime" value="application/vnd.osgi.bundle"/>
      <attribute name="osgi.content" value="B0FB58C6EEB945DB70D583D90EF4C1DC1ECCF297CC4B747D7F64977D666F1D6B"/>
    </capability>
    <requirement namespace="osgi.wiring.package">
      <directive name="filter" value="(&amp;(osgi.wiring.package=aQute.bnd.annotation.metatype)(&amp;(version&gt;=1.45.0)(!(version&gt;=2.0.0))))"/>
    </requirement>
    <requirement namespace="osgi.wiring.package">
      <directive name="filter" value="(&amp;(osgi.wiring.package=com.liferay.asset.kernel.model)(&amp;(version&gt;=1.4.0)(!(version&gt;=2.0.0))))"/>
    </requirement>
    <requirement namespace="osgi.wiring.package">
      <directive name="filter" value="(&amp;(osgi.wiring.package=com.liferay.asset.kernel.service)(&amp;(version&gt;=1.7.0)(!(version&gt;=2.0.0))))"/>
    </requirement>
    <requirement namespace="osgi.wiring.package">
      <directive name="filter" value="(&amp;(osgi.wiring.package=com.liferay.asset.kernel.service.persistence)(&amp;(version&gt;=1.2.0)(!(version&gt;=2.0.0))))"/>
    </requirement>
    <requirement namespace="osgi.wiring.package">
      <directive name="filter" value="(&amp;(osgi.wiring.package=com.liferay.counter.kernel.service)(&amp;(version&gt;=1.0.0)(!(version&gt;=2.0.0))))"/>
    </requirement>
    <requirement namespace="osgi.wiring.package">
      <directive name="filter" value="(&amp;(osgi.wiring.package=com.liferay.document.library.kernel.service)(&amp;(version&gt;=1.4.0)(!(version&gt;=2.0.0))))"/>
    </requirement>
    <requirement namespace="osgi.wiring.package">
      <directive name="filter" value="(&amp;(osgi.wiring.package=com.liferay.document.library.kernel.util)(&amp;(version&gt;=1.4.0)(!(version&gt;=2.0.0))))"/>
    </requirement>
    <requirement namespace="osgi.wiring.package">
      <directive name="filter" value="(&amp;(osgi.wiring.package=com.liferay.dynamic.data.lists.exception)(&amp;(version&gt;=1.1.0)(!(version&gt;=2.0.0))))"/>
    </requirement>
    <requirement namespace="osgi.wiring.package">
      <directive name="filter" value="(&amp;(osgi.wiring.package=com.liferay.dynamic.data.lists.exporter)(&amp;(version&gt;=2.0.0)(!(version&gt;=3.0.0))))"/>
    </requirement>
    <requirement namespace="osgi.wiring.package">
      <directive name="filter" value="(&amp;(osgi.wiring.package=com.liferay.dynamic.data.lists.model)(&amp;(version&gt;=1.1.0)(!(version&gt;=1.2.0))))"/>
    </requirement>
    <requirement namespace="osgi.wiring.package">
      <directive name="filter" value="(&amp;(osgi.wiring.package=com.liferay.dynamic.data.lists.service)(&amp;(version&gt;=1.2.0)(!(version&gt;=1.3.0))))"/>
    </requirement>
    <requirement namespace="osgi.wiring.package">
      <directive name="filter" value="(&amp;(osgi.wiring.package=com.liferay.dynamic.data.lists.service.persistence)(&amp;(version&gt;=1.1.0)(!(version&gt;=1.2.0))))"/>
    </requirement>
    <requirement namespace="osgi.wiring.package">
      <directive name="filter" value="(&amp;(osgi.wiring.package=com.liferay.dynamic.data.lists.util)(&amp;(version&gt;=1.0.0)(!(version&gt;=1.1.0))))"/>
    </requirement>
    <requirement namespace="osgi.wiring.package">
      <directive name="filter" value="(&amp;(osgi.wiring.package=com.liferay.dynamic.data.lists.util.comparator)(&amp;(version&gt;=1.1.0)(!(version&gt;=2.0.0))))"/>
    </requirement>
    <requirement namespace="osgi.wiring.package">
      <directive name="filter" value="(&amp;(osgi.wiring.package=com.liferay.dynamic.data.mapping.exception)(&amp;(version&gt;=1.3.0)(!(version&gt;=2.0.0))))"/>
    </requirement>
    <requirement namespace="osgi.wiring.package">
      <directive name="filter" value="(&amp;(osgi.wiring.package=com.liferay.dynamic.data.mapping.form.field.type)(&amp;(version&gt;=1.0.0)(!(version&gt;=2.0.0))))"/>
    </requirement>
    <requirement namespace="osgi.wiring.package">
      <directive name="filter" value="(&amp;(osgi.wiring.package=com.liferay.dynamic.data.mapping.io)(&amp;(version&gt;=1.0.0)(!(version&gt;=2.0.0))))"/>
    </requirement>
    <requirement namespace="osgi.wiring.package">
      <directive name="filter" value="(&amp;(osgi.wiring.package=com.liferay.dynamic.data.mapping.model)(&amp;(version&gt;=1.6.0)(!(version&gt;=2.0.0))))"/>
    </requirement>
    <requirement namespace="osgi.wiring.package">
      <directive name="filter" value="(&amp;(osgi.wiring.package=com.liferay.dynamic.data.mapping.render)(&amp;(version&gt;=1.1.0)(!(version&gt;=2.0.0))))"/>
    </requirement>
    <requirement namespace="osgi.wiring.package">
      <directive name="filter" value="(&amp;(osgi.wiring.package=com.liferay.dynamic.data.mapping.service)(&amp;(version&gt;=1.2.0)(!(version&gt;=2.0.0))))"/>
    </requirement>
    <requirement namespace="osgi.wiring.package">
      <directive name="filter" value="(&amp;(osgi.wiring.package=com.liferay.dynamic.data.mapping.storage)(&amp;(version&gt;=1.0.0)(!(version&gt;=2.0.0))))"/>
    </requirement>
    <requirement namespace="osgi.wiring.package">
      <directive name="filter" value="(&amp;(osgi.wiring.package=com.liferay.dynamic.data.mapping.util)(&amp;(version&gt;=1.5.0)(!(version&gt;=2.0.0))))"/>
    </requirement>
    <requirement namespace="osgi.wiring.package">
      <directive name="filter" value="(&amp;(osgi.wiring.package=com.liferay.dynamic.data.mapping.validator)(&amp;(version&gt;=1.0.0)(!(version&gt;=2.0.0))))"/>
    </requirement>
    <requirement namespace="osgi.wiring.package">
      <directive name="filter" value="(&amp;(osgi.wiring.package=com.liferay.expando.kernel.model)(&amp;(version&gt;=1.1.0)(!(version&gt;=2.0.0))))"/>
    </requirement>
    <requirement namespace="osgi.wiring.package">
      <directive name="filter" value="(&amp;(osgi.wiring.package=com.liferay.expando.kernel.util)(&amp;(version&gt;=1.2.0)(!(version&gt;=2.0.0))))"/>
    </requirement>
    <requirement namespace="osgi.wiring.package">
      <directive name="filter" value="(&amp;(osgi.wiring.package=com.liferay.exportimport.content.processor)(&amp;(version&gt;=1.0.0)(!(version&gt;=2.0.0))))"/>
    </requirement>
    <requirement namespace="osgi.wiring.package">
      <directive name="filter" value="(&amp;(osgi.wiring.package=com.liferay.exportimport.data.handler.base)(&amp;(version&gt;=1.0.0)(!(version&gt;=2.0.0))))"/>
    </requirement>
    <requirement namespace="osgi.wiring.package">
      <directive name="filter" value="(&amp;(osgi.wiring.package=com.liferay.exportimport.kernel.lar)(&amp;(version&gt;=1.9.0)(!(version&gt;=2.0.0))))"/>
    </requirement>
    <requirement namespace="osgi.wiring.package">
      <directive name="filter" value="(&amp;(osgi.wiring.package=com.liferay.exportimport.kernel.staging.permission)(&amp;(version&gt;=1.0.0)(!(version&gt;=2.0.0))))"/>
    </requirement>
    <requirement namespace="osgi.wiring.package">
      <directive name="filter" value="(&amp;(osgi.wiring.package=com.liferay.exportimport.kernel.xstream)(&amp;(version&gt;=1.0.0)(!(version&gt;=2.0.0))))"/>
    </requirement>
    <requirement namespace="osgi.wiring.package">
      <directive name="filter" value="(&amp;(osgi.wiring.package=com.liferay.exportimport.staged.model.repository)(&amp;(version&gt;=1.1.0)(!(version&gt;=2.0.0))))"/>
    </requirement>
    <requirement namespace="osgi.wiring.package">
      <directive name="filter" value="(&amp;(osgi.wiring.package=com.liferay.petra.function)(&amp;(version&gt;=1.0.0)(!(version&gt;=2.0.0))))"/>
    </requirement>
    <requirement namespace="osgi.wiring.package">
      <directive name="filter" value="(&amp;(osgi.wiring.package=com.liferay.petra.string)(&amp;(version&gt;=1.3.0)(!(version&gt;=2.0.0))))"/>
    </requirement>
    <requirement namespace="osgi.wiring.package">
      <directive name="filter" value="(&amp;(osgi.wiring.package=com.liferay.portal.configuration.metatype.annotations)(&amp;(version&gt;=1.1.0)(!(version&gt;=2.0.0))))"/>
    </requirement>
    <requirement namespace="osgi.wiring.package">
      <directive name="filter" value="(&amp;(osgi.wiring.package=com.liferay.portal.configuration.metatype.bnd.util)(&amp;(version&gt;=2.0.0)(!(version&gt;=3.0.0))))"/>
    </requirement>
    <requirement namespace="osgi.wiring.package">
      <directive name="filter" value="(&amp;(osgi.wiring.package=com.liferay.portal.dao.orm.custom.sql)(&amp;(version&gt;=1.0.0)(!(version&gt;=2.0.0))))"/>
    </requirement>
    <requirement namespace="osgi.wiring.package">
      <directive name="filter" value="(&amp;(osgi.wiring.package=com.liferay.portal.instance.lifecycle)(&amp;(version&gt;=1.0.0)(!(version&gt;=2.0.0))))"/>
    </requirement>
    <requirement namespace="osgi.wiring.package">
      <directive name="filter" value="(&amp;(osgi.wiring.package=com.liferay.portal.kernel.bean)(&amp;(version&gt;=7.1.0)(!(version&gt;=8.0.0))))"/>
    </requirement>
    <requirement namespace="osgi.wiring.package">
      <directive name="filter" value="(&amp;(osgi.wiring.package=com.liferay.portal.kernel.configuration)(&amp;(version&gt;=6.2.0)(!(version&gt;=7.0.0))))"/>
    </requirement>
    <requirement namespace="osgi.wiring.package">
      <directive name="filter" value="(&amp;(osgi.wiring.package=com.liferay.portal.kernel.dao.db)(&amp;(version&gt;=7.5.0)(!(version&gt;=8.0.0))))"/>
    </requirement>
    <requirement namespace="osgi.wiring.package">
      <directive name="filter" value="(&amp;(osgi.wiring.package=com.liferay.portal.kernel.dao.jdbc)(&amp;(version&gt;=7.1.0)(!(version&gt;=8.0.0))))"/>
    </requirement>
    <requirement namespace="osgi.wiring.package">
      <directive name="filter" value="(&amp;(osgi.wiring.package=com.liferay.portal.kernel.dao.orm)(&amp;(version&gt;=7.3.0)(!(version&gt;=8.0.0))))"/>
    </requirement>
    <requirement namespace="osgi.wiring.package">
      <directive name="filter" value="(&amp;(osgi.wiring.package=com.liferay.portal.kernel.exception)(&amp;(version&gt;=7.3.0)(!(version&gt;=8.0.0))))"/>
    </requirement>
    <requirement namespace="osgi.wiring.package">
      <directive name="filter" value="(&amp;(osgi.wiring.package=com.liferay.portal.kernel.json)(&amp;(version&gt;=7.1.0)(!(version&gt;=8.0.0))))"/>
    </requirement>
    <requirement namespace="osgi.wiring.package">
      <directive name="filter" value="(&amp;(osgi.wiring.package=com.liferay.portal.kernel.language)(&amp;(version&gt;=7.2.0)(!(version&gt;=8.0.0))))"/>
    </requirement>
    <requirement namespace="osgi.wiring.package">
      <directive name="filter" value="(&amp;(osgi.wiring.package=com.liferay.portal.kernel.log)(&amp;(version&gt;=7.0.0)(!(version&gt;=8.0.0))))"/>
    </requirement>
    <requirement namespace="osgi.wiring.package">
      <directive name="filter" value="(&amp;(osgi.wiring.package=com.liferay.portal.kernel.model)(&amp;(version&gt;=2.0.0)(!(version&gt;=3.0.0))))"/>
    </requirement>
    <requirement namespace="osgi.wiring.package">
      <directive name="filter" value="(&amp;(osgi.wiring.package=com.liferay.portal.kernel.model.impl)(&amp;(version&gt;=1.1.0)(!(version&gt;=2.0.0))))"/>
    </requirement>
    <requirement namespace="osgi.wiring.package">
      <directive name="filter" value="(&amp;(osgi.wiring.package=com.liferay.portal.kernel.module.framework)(&amp;(version&gt;=1.2.0)(!(version&gt;=2.0.0))))"/>
    </requirement>
    <requirement namespace="osgi.wiring.package">
      <directive name="filter" value="(&amp;(osgi.wiring.package=com.liferay.portal.kernel.module.framework.service)(&amp;(version&gt;=1.0.0)(!(version&gt;=2.0.0))))"/>
    </requirement>
    <requirement namespace="osgi.wiring.package">
      <directive name="filter" value="(&amp;(osgi.wiring.package=com.liferay.portal.kernel.repository.model)(&amp;(version&gt;=7.2.0)(!(version&gt;=8.0.0))))"/>
    </requirement>
    <requirement namespace="osgi.wiring.package">
      <directive name="filter" value="(&amp;(osgi.wiring.package=com.liferay.portal.kernel.search)(&amp;(version&gt;=7.7.0)(!(version&gt;=8.0.0))))"/>
    </requirement>
    <requirement namespace="osgi.wiring.package">
      <directive name="filter" value="(&amp;(osgi.wiring.package=com.liferay.portal.kernel.search.filter)(&amp;(version&gt;=1.0.0)(!(version&gt;=2.0.0))))"/>
    </requirement>
    <requirement namespace="osgi.wiring.package">
      <directive name="filter" value="(&amp;(osgi.wiring.package=com.liferay.portal.kernel.security.auth)(&amp;(version&gt;=1.1.0)(!(version&gt;=2.0.0))))"/>
    </requirement>
    <requirement namespace="osgi.wiring.package">
      <directive name="filter" value="(&amp;(osgi.wiring.package=com.liferay.portal.kernel.security.permission)(&amp;(version&gt;=1.8.0)(!(version&gt;=2.0.0))))"/>
    </requirement>
    <requirement namespace="osgi.wiring.package">
      <directive name="filter" value="(&amp;(osgi.wiring.package=com.liferay.portal.kernel.security.permission.resource)(&amp;(version&gt;=1.0.0)(!(version&gt;=2.0.0))))"/>
    </requirement>
    <requirement namespace="osgi.wiring.package">
      <directive name="filter" value="(&amp;(osgi.wiring.package=com.liferay.portal.kernel.service)(&amp;(version&gt;=1.32.0)(!(version&gt;=2.0.0))))"/>
    </requirement>
    <requirement namespace="osgi.wiring.package">
      <directive name="filter" value="(&amp;(osgi.wiring.package=com.liferay.portal.kernel.service.http)(&amp;(version&gt;=1.0.0)(!(version&gt;=2.0.0))))"/>
    </requirement>
    <requirement namespace="osgi.wiring.package">
      <directive name="filter" value="(&amp;(osgi.wiring.package=com.liferay.portal.kernel.service.persistence)(&amp;(version&gt;=1.17.0)(!(version&gt;=2.0.0))))"/>
    </requirement>
    <requirement namespace="osgi.wiring.package">
      <directive name="filter" value="(&amp;(osgi.wiring.package=com.liferay.portal.kernel.service.persistence.impl)(&amp;(version&gt;=1.5.0)(!(version&gt;=2.0.0))))"/>
    </requirement>
    <requirement namespace="osgi.wiring.package">
      <directive name="filter" value="(&amp;(osgi.wiring.package=com.liferay.portal.kernel.systemevent)(&amp;(version&gt;=6.2.0)(!(version&gt;=7.0.0))))"/>
    </requirement>
    <requirement namespace="osgi.wiring.package">
      <directive name="filter" value="(&amp;(osgi.wiring.package=com.liferay.portal.kernel.transaction)(&amp;(version&gt;=7.1.0)(!(version&gt;=8.0.0))))"/>
    </requirement>
    <requirement namespace="osgi.wiring.package">
      <directive name="filter" value="(&amp;(osgi.wiring.package=com.liferay.portal.kernel.upgrade)(&amp;(version&gt;=7.7.0)(!(version&gt;=8.0.0))))"/>
    </requirement>
    <requirement namespace="osgi.wiring.package">
      <directive name="filter" value="(&amp;(osgi.wiring.package=com.liferay.portal.kernel.util)(&amp;(version&gt;=8.1.0)(!(version&gt;=9.0.0))))"/>
    </requirement>
    <requirement namespace="osgi.wiring.package">
      <directive name="filter" value="(&amp;(osgi.wiring.package=com.liferay.portal.kernel.uuid)(&amp;(version&gt;=6.2.0)(!(version&gt;=7.0.0))))"/>
    </requirement>
    <requirement namespace="osgi.wiring.package">
      <directive name="filter" value="(&amp;(osgi.wiring.package=com.liferay.portal.kernel.workflow)(&amp;(version&gt;=7.3.0)(!(version&gt;=8.0.0))))"/>
    </requirement>
    <requirement namespace="osgi.wiring.package">
      <directive name="filter" value="(&amp;(osgi.wiring.package=com.liferay.portal.kernel.xml)(&amp;(version&gt;=7.0.0)(!(version&gt;=8.0.0))))"/>
    </requirement>
    <requirement namespace="osgi.wiring.package">
      <directive name="filter" value="(&amp;(osgi.wiring.package=com.liferay.portal.search.permission)(&amp;(version&gt;=1.1.0)(!(version&gt;=2.0.0))))"/>
    </requirement>
    <requirement namespace="osgi.wiring.package">
      <directive name="filter" value="(&amp;(osgi.wiring.package=com.liferay.portal.spring.extender.service)(&amp;(version&gt;=1.0.0)(!(version&gt;=2.0.0))))"/>
    </requirement>
    <requirement namespace="osgi.wiring.package">
      <directive name="filter" value="(&amp;(osgi.wiring.package=com.liferay.portal.upgrade.registry)(&amp;(version&gt;=2.0.0)(!(version&gt;=3.0.0))))"/>
    </requirement>
    <requirement namespace="osgi.wiring.package">
      <directive name="filter" value="(&amp;(osgi.wiring.package=com.liferay.portal.upgrade.v7_0_0)(&amp;(version&gt;=1.11.0)(!(version&gt;=2.0.0))))"/>
    </requirement>
    <requirement namespace="osgi.wiring.package">
      <directive name="filter" value="(&amp;(osgi.wiring.package=com.liferay.ratings.kernel.service)(&amp;(version&gt;=1.1.0)(!(version&gt;=2.0.0))))"/>
    </requirement>
    <requirement namespace="osgi.wiring.package">
      <directive name="filter" value="(&amp;(osgi.wiring.package=com.liferay.ratings.kernel.service.persistence)(&amp;(version&gt;=1.1.0)(!(version&gt;=2.0.0))))"/>
    </requirement>
    <requirement namespace="osgi.wiring.package">
      <directive name="filter" value="(&amp;(osgi.wiring.package=com.liferay.staging.model.listener)(&amp;(version&gt;=1.0.0)(!(version&gt;=2.0.0))))"/>
    </requirement>
    <requirement namespace="osgi.wiring.package">
      <directive name="filter" value="(&amp;(osgi.wiring.package=com.liferay.xstream.configurator)(&amp;(version&gt;=1.1.0)(!(version&gt;=2.0.0))))"/>
    </requirement>
    <requirement namespace="osgi.wiring.package">
      <directive name="filter" value="(&amp;(osgi.wiring.package=javax.crypto))"/>
    </requirement>
    <requirement namespace="osgi.wiring.package">
      <directive name="filter" value="(&amp;(osgi.wiring.package=javax.crypto.spec))"/>
    </requirement>
    <requirement namespace="osgi.wiring.package">
      <directive name="filter" value="(&amp;(osgi.wiring.package=javax.imageio))"/>
    </requirement>
    <requirement namespace="osgi.wiring.package">
      <directive name="filter" value="(&amp;(osgi.wiring.package=javax.imageio.metadata))"/>
    </requirement>
    <requirement namespace="osgi.wiring.package">
      <directive name="filter" value="(&amp;(osgi.wiring.package=javax.imageio.stream))"/>
    </requirement>
    <requirement namespace="osgi.wiring.package">
      <directive name="filter" value="(&amp;(osgi.wiring.package=javax.portlet))"/>
    </requirement>
    <requirement namespace="osgi.wiring.package">
      <directive name="filter" value="(&amp;(osgi.wiring.package=javax.servlet.http)(&amp;(version&gt;=3.0.0)(!(version&gt;=4.0.0))))"/>
    </requirement>
    <requirement namespace="osgi.wiring.package">
      <directive name="filter" value="(&amp;(osgi.wiring.package=javax.sql))"/>
    </requirement>
    <requirement namespace="osgi.wiring.package">
      <directive name="filter" value="(&amp;(osgi.wiring.package=javax.swing))"/>
    </requirement>
    <requirement namespace="osgi.wiring.package">
      <directive name="filter" value="(&amp;(osgi.wiring.package=javax.xml.bind))"/>
    </requirement>
    <requirement namespace="osgi.wiring.package">
      <directive name="filter" value="(&amp;(osgi.wiring.package=javax.xml.bind.annotation))"/>
    </requirement>
    <requirement namespace="osgi.wiring.package">
      <directive name="filter" value="(&amp;(osgi.wiring.package=javax.xml.bind.annotation.adapters))"/>
    </requirement>
    <requirement namespace="osgi.wiring.package">
      <directive name="filter" value="(&amp;(osgi.wiring.package=javax.xml.namespace))"/>
    </requirement>
    <requirement namespace="osgi.wiring.package">
      <directive name="filter" value="(&amp;(osgi.wiring.package=javax.xml.parsers))"/>
    </requirement>
    <requirement namespace="osgi.wiring.package">
      <directive name="filter" value="(&amp;(osgi.wiring.package=javax.xml.stream))"/>
    </requirement>
    <requirement namespace="osgi.wiring.package">
      <directive name="filter" value="(&amp;(osgi.wiring.package=javax.xml.stream.events))"/>
    </requirement>
    <requirement namespace="osgi.wiring.package">
      <directive name="filter" value="(&amp;(osgi.wiring.package=javax.xml.transform))"/>
    </requirement>
    <requirement namespace="osgi.wiring.package">
      <directive name="filter" value="(&amp;(osgi.wiring.package=javax.xml.transform.stream))"/>
    </requirement>
    <requirement namespace="osgi.wiring.package">
      <directive name="filter" value="(&amp;(osgi.wiring.package=org.apache.commons.codec.digest))"/>
    </requirement>
    <requirement namespace="osgi.wiring.package">
      <directive name="filter" value="(&amp;(osgi.wiring.package=org.apache.commons.logging))"/>
    </requirement>
    <requirement namespace="osgi.wiring.package">
      <directive name="filter" value="(&amp;(osgi.wiring.package=org.osgi.framework)(&amp;(version&gt;=1.7.0)(!(version&gt;=2.0.0))))"/>
    </requirement>
    <requirement namespace="osgi.wiring.package">
      <directive name="filter" value="(&amp;(osgi.wiring.package=org.w3c.dom))"/>
    </requirement>
    <requirement namespace="osgi.extender">
      <directive name="filter" value="(&amp;(osgi.extender=osgi.component)(version&gt;=1.3.0)(!(version&gt;=2.0.0)))"/>
    </requirement>
    <requirement namespace="osgi.service">
      <directive name="filter" value="(objectClass=com.liferay.counter.kernel.service.CounterLocalService)"/>
      <directive name="effective" value="active"/>
    </requirement>
    <requirement namespace="osgi.service">
      <directive name="filter" value="(objectClass=com.liferay.document.library.kernel.service.DLAppLocalService)"/>
      <directive name="effective" value="active"/>
    </requirement>
    <requirement namespace="osgi.service">
      <directive name="filter" value="(objectClass=com.liferay.dynamic.data.lists.exporter.DDLExporter)"/>
      <directive name="effective" value="active"/>
      <directive name="resolution" value="optional"/>
      <directive name="cardinality" value="multiple"/>
    </requirement>
    <requirement namespace="osgi.service">
      <directive name="filter" value="(objectClass=com.liferay.dynamic.data.lists.internal.exportimport.staged.model.repository.DDLRecordStagedModelRepository)"/>
      <directive name="effective" value="active"/>
    </requirement>
    <requirement namespace="osgi.service">
      <directive name="filter" value="(objectClass=com.liferay.dynamic.data.lists.service.DDLRecordLocalService)"/>
      <directive name="effective" value="active"/>
    </requirement>
    <requirement namespace="osgi.service">
      <directive name="filter" value="(objectClass=com.liferay.dynamic.data.lists.service.DDLRecordService)"/>
      <directive name="effective" value="active"/>
    </requirement>
    <requirement namespace="osgi.service">
      <directive name="filter" value="(objectClass=com.liferay.dynamic.data.lists.service.DDLRecordSetLocalService)"/>
      <directive name="effective" value="active"/>
    </requirement>
    <requirement namespace="osgi.service">
      <directive name="filter" value="(objectClass=com.liferay.dynamic.data.lists.service.DDLRecordSetService)"/>
      <directive name="effective" value="active"/>
    </requirement>
    <requirement namespace="osgi.service">
      <directive name="filter" value="(objectClass=com.liferay.dynamic.data.lists.service.DDLRecordSetVersionService)"/>
      <directive name="effective" value="active"/>
    </requirement>
    <requirement namespace="osgi.service">
      <directive name="filter" value="(objectClass=com.liferay.dynamic.data.lists.service.DDLRecordVersionLocalService)"/>
      <directive name="effective" value="active"/>
    </requirement>
    <requirement namespace="osgi.service">
      <directive name="filter" value="(objectClass=com.liferay.dynamic.data.mapping.form.field.type.DDMFormFieldTypeServicesTracker)"/>
      <directive name="effective" value="active"/>
    </requirement>
    <requirement namespace="osgi.service">
      <directive name="filter" value="(objectClass=com.liferay.dynamic.data.mapping.io.DDMFormValuesJSONDeserializer)"/>
      <directive name="effective" value="active"/>
    </requirement>
    <requirement namespace="osgi.service">
      <directive name="filter" value="(objectClass=com.liferay.dynamic.data.mapping.io.DDMFormValuesJSONSerializer)"/>
      <directive name="effective" value="active"/>
    </requirement>
    <requirement namespace="osgi.service">
      <directive name="filter" value="(objectClass=com.liferay.dynamic.data.mapping.render.DDMFormFieldValueRendererRegistry)"/>
      <directive name="effective" value="active"/>
    </requirement>
    <requirement namespace="osgi.service">
      <directive name="filter" value="(objectClass=com.liferay.dynamic.data.mapping.service.DDMStructureLocalService)"/>
      <directive name="effective" value="active"/>
    </requirement>
    <requirement namespace="osgi.service">
      <directive name="filter" value="(objectClass=com.liferay.dynamic.data.mapping.storage.StorageEngine)"/>
      <directive name="effective" value="active"/>
    </requirement>
    <requirement namespace="osgi.service">
      <directive name="filter" value="(objectClass=com.liferay.dynamic.data.mapping.util.DDM)"/>
      <directive name="effective" value="active"/>
    </requirement>
    <requirement namespace="osgi.service">
      <directive name="filter" value="(objectClass=com.liferay.dynamic.data.mapping.util.DDMFormValuesToFieldsConverter)"/>
      <directive name="effective" value="active"/>
    </requirement>
    <requirement namespace="osgi.service">
      <directive name="filter" value="(objectClass=com.liferay.dynamic.data.mapping.util.DDMIndexer)"/>
      <directive name="effective" value="active"/>
    </requirement>
    <requirement namespace="osgi.service">
      <directive name="filter" value="(objectClass=com.liferay.dynamic.data.mapping.util.DefaultDDMStructureHelper)"/>
      <directive name="effective" value="active"/>
    </requirement>
    <requirement namespace="osgi.service">
      <directive name="filter" value="(objectClass=com.liferay.exportimport.content.processor.ExportImportContentProcessor)"/>
      <directive name="effective" value="active"/>
    </requirement>
    <requirement namespace="osgi.service">
      <directive name="filter" value="(objectClass=com.liferay.exportimport.kernel.staging.permission.StagingPermission)"/>
      <directive name="effective" value="active"/>
    </requirement>
    <requirement namespace="osgi.service">
      <directive name="filter" value="(objectClass=com.liferay.exportimport.staged.model.repository.StagedModelRepository)"/>
      <directive name="effective" value="active"/>
    </requirement>
    <requirement namespace="osgi.service">
      <directive name="filter" value="(objectClass=com.liferay.portal.kernel.module.framework.ModuleServiceLifecycle)"/>
      <directive name="effective" value="active"/>
    </requirement>
    <requirement namespace="osgi.service">
      <directive name="filter" value="(objectClass=com.liferay.portal.kernel.search.IndexWriterHelper)"/>
      <directive name="effective" value="active"/>
    </requirement>
    <requirement namespace="osgi.service">
      <directive name="filter" value="(objectClass=com.liferay.portal.kernel.search.IndexerRegistry)"/>
      <directive name="effective" value="active"/>
    </requirement>
    <requirement namespace="osgi.service">
      <directive name="filter" value="(objectClass=com.liferay.portal.kernel.search.SearchPermissionChecker)"/>
      <directive name="effective" value="active"/>
    </requirement>
    <requirement namespace="osgi.service">
      <directive name="filter" value="(objectClass=com.liferay.portal.kernel.security.permission.resource.PortletResourcePermission)"/>
      <directive name="effective" value="active"/>
    </requirement>
    <requirement namespace="osgi.service">
      <directive name="filter" value="(objectClass=com.liferay.portal.kernel.service.ClassNameLocalService)"/>
      <directive name="effective" value="active"/>
    </requirement>
    <requirement namespace="osgi.service">
      <directive name="filter" value="(objectClass=com.liferay.portal.kernel.service.GroupLocalService)"/>
      <directive name="effective" value="active"/>
    </requirement>
    <requirement namespace="osgi.service">
      <directive name="filter" value="(objectClass=com.liferay.portal.kernel.service.LayoutService)"/>
      <directive name="effective" value="active"/>
    </requirement>
    <requirement namespace="osgi.service">
      <directive name="filter" value="(objectClass=com.liferay.portal.kernel.service.UserLocalService)"/>
      <directive name="effective" value="active"/>
    </requirement>
    <requirement namespace="osgi.service">
      <directive name="filter" value="(objectClass=com.liferay.portal.kernel.service.WorkflowDefinitionLinkLocalService)"/>
      <directive name="effective" value="active"/>
    </requirement>
    <requirement namespace="osgi.service">
      <directive name="filter" value="(objectClass=com.liferay.portal.kernel.util.Portal)"/>
      <directive name="effective" value="active"/>
    </requirement>
    <requirement namespace="osgi.service">
      <directive name="filter" value="(objectClass=com.liferay.staging.model.listener.StagingModelListener)"/>
      <directive name="effective" value="active"/>
    </requirement>
    <requirement namespace="liferay.extender">
      <directive name="filter" value="(&amp;(liferay.extender=spring.extender)(version&gt;=3.0)(!(version&gt;=4.0)))"/>
    </requirement>
    <requirement namespace="osgi.contract">
      <directive name="filter" value="(&amp;(osgi.contract=JavaPortlet)(version=3.0.0))"/>
      <attribute name="osgi.contract" value="JavaPortlet"/>
    </requirement>
    <requirement namespace="osgi.ee">
      <directive name="filter" value="(&amp;(osgi.ee=JavaSE)(version=1.8))"/>
    </requirement>
  </resource>
  <resource>
    <capability namespace="osgi.identity">
      <attribute name="osgi.identity" value="com.liferay.dynamic.data.lists.web"/>
      <attribute name="type" value="osgi.bundle"/>
      <attribute name="version" value="3.0.21" type="Version"/>
    </capability>
    <capability namespace="osgi.wiring.bundle">
      <attribute name="bundle-version" value="3.0.21" type="Version"/>
      <attribute name="osgi.wiring.bundle" value="com.liferay.dynamic.data.lists.web"/>
    </capability>
    <capability namespace="osgi.wiring.host">
      <attribute name="bundle-version" value="3.0.21" type="Version"/>
      <attribute name="osgi.wiring.host" value="com.liferay.dynamic.data.lists.web"/>
    </capability>
    <capability namespace="osgi.service">
      <attribute name="objectClass" value="com.liferay.application.list.PanelApp" type="List&lt;String&gt;"/>
    </capability>
    <capability namespace="osgi.service">
      <attribute name="objectClass" value="com.liferay.asset.kernel.model.AssetRendererFactory" type="List&lt;String&gt;"/>
    </capability>
    <capability namespace="osgi.service">
      <attribute name="objectClass" value="com.liferay.dynamic.data.lists.web.internal.configuration.activator.DDLWebConfigurationActivator" type="List&lt;String&gt;"/>
    </capability>
    <capability namespace="osgi.service">
      <attribute name="objectClass" value="com.liferay.dynamic.data.mapping.util.DDMDisplay" type="List&lt;String&gt;"/>
    </capability>
    <capability namespace="osgi.service">
      <attribute name="objectClass" value="com.liferay.exportimport.kernel.lar.PortletDataHandler" type="List&lt;String&gt;"/>
    </capability>
    <capability namespace="osgi.service">
      <attribute name="objectClass" value="com.liferay.exportimport.portlet.preferences.processor.ExportImportPortletPreferencesProcessor" type="List&lt;String&gt;"/>
    </capability>
    <capability namespace="osgi.service">
      <attribute name="objectClass" value="com.liferay.portal.kernel.portlet.AddPortletProvider" type="List&lt;String&gt;"/>
    </capability>
    <capability namespace="osgi.service">
      <attribute name="objectClass" value="com.liferay.portal.kernel.portlet.ConfigurationAction" type="List&lt;String&gt;"/>
    </capability>
    <capability namespace="osgi.service">
      <attribute name="objectClass" value="com.liferay.portal.kernel.portlet.EditPortletProvider" type="List&lt;String&gt;"/>
    </capability>
    <capability namespace="osgi.service">
      <attribute name="objectClass" value="com.liferay.portal.kernel.portlet.bridges.mvc.MVCActionCommand" type="List&lt;String&gt;"/>
    </capability>
    <capability namespace="osgi.service">
      <attribute name="objectClass" value="com.liferay.portal.kernel.portlet.bridges.mvc.MVCResourceCommand" type="List&lt;String&gt;"/>
    </capability>
    <capability namespace="osgi.service">
      <attribute name="objectClass" value="com.liferay.portal.kernel.portlet.configuration.icon.PortletConfigurationIcon" type="List&lt;String&gt;"/>
    </capability>
    <capability namespace="osgi.service">
      <attribute name="objectClass" value="com.liferay.portal.kernel.template.TemplateHandler" type="List&lt;String&gt;"/>
    </capability>
    <capability namespace="osgi.service">
      <attribute name="objectClass" value="com.liferay.portal.kernel.webdav.WebDAVStorage" type="List&lt;String&gt;"/>
    </capability>
    <capability namespace="osgi.service">
      <attribute name="objectClass" value="com.liferay.portal.upgrade.registry.UpgradeStepRegistrator" type="List&lt;String&gt;"/>
    </capability>
    <capability namespace="osgi.service">
      <attribute name="objectClass" value="javax.portlet.Portlet" type="List&lt;String&gt;"/>
    </capability>
    <capability namespace="liferay.resource.bundle">
      <attribute name="bundle.symbolic.name" value="com.liferay.dynamic.data.lists.web"/>
      <attribute name="resource.bundle.base.name" value="content.Language"/>
    </capability>
    <capability namespace="osgi.content">
      <attribute name="size" value="277261" type="Long"/>
      <attribute name="url" value="com.liferay.dynamic.data.lists.web-3.0.21.jar"/>
      <attribute name="mime" value="application/vnd.osgi.bundle"/>
      <attribute name="osgi.content" value="862EFBF73D66E5681E30B5AB6155373B58359E207BFCFCE5C22B733FB04E0522"/>
    </capability>
    <requirement namespace="osgi.wiring.package">
      <directive name="filter" value="(&amp;(osgi.wiring.package=aQute.bnd.annotation.metatype)(&amp;(version&gt;=1.45.0)(!(version&gt;=2.0.0))))"/>
    </requirement>
    <requirement namespace="osgi.wiring.package">
      <directive name="filter" value="(&amp;(osgi.wiring.package=com.liferay.announcements.kernel.model)(&amp;(version&gt;=1.0.0)(!(version&gt;=2.0.0))))"/>
    </requirement>
    <requirement namespace="osgi.wiring.package">
      <directive name="filter" value="(&amp;(osgi.wiring.package=com.liferay.application.list)(&amp;(version&gt;=1.1.0)(!(version&gt;=2.0.0))))"/>
    </requirement>
    <requirement namespace="osgi.wiring.package">
      <directive name="filter" value="(&amp;(osgi.wiring.package=com.liferay.asset.kernel)(&amp;(version&gt;=1.1.0)(!(version&gt;=2.0.0))))"/>
    </requirement>
    <requirement namespace="osgi.wiring.package">
      <directive name="filter" value="(&amp;(osgi.wiring.package=com.liferay.asset.kernel.model)(&amp;(version&gt;=1.4.0)(!(version&gt;=2.0.0))))"/>
    </requirement>
    <requirement namespace="osgi.wiring.package">
      <directive name="filter" value="(&amp;(osgi.wiring.package=com.liferay.asset.kernel.service)(&amp;(version&gt;=1.7.0)(!(version&gt;=2.0.0))))"/>
    </requirement>
    <requirement namespace="osgi.wiring.package">
      <directive name="filter" value="(&amp;(osgi.wiring.package=com.liferay.document.library.kernel.exception)(&amp;(version&gt;=1.3.0)(!(version&gt;=2.0.0))))"/>
    </requirement>
    <requirement namespace="osgi.wiring.package">
      <directive name="filter" value="(&amp;(osgi.wiring.package=com.liferay.document.library.kernel.service)(&amp;(version&gt;=1.4.0)(!(version&gt;=2.0.0))))"/>
    </requirement>
    <requirement namespace="osgi.wiring.package">
      <directive name="filter" value="(&amp;(osgi.wiring.package=com.liferay.document.library.kernel.util)(&amp;(version&gt;=1.4.0)(!(version&gt;=2.0.0))))"/>
    </requirement>
    <requirement namespace="osgi.wiring.package">
      <directive name="filter" value="(&amp;(osgi.wiring.package=com.liferay.dynamic.data.lists.constants)(&amp;(version&gt;=1.1.0)(!(version&gt;=2.0.0))))"/>
    </requirement>
    <requirement namespace="osgi.wiring.package">
      <directive name="filter" value="(&amp;(osgi.wiring.package=com.liferay.dynamic.data.lists.exception)(&amp;(version&gt;=1.1.0)(!(version&gt;=2.0.0))))"/>
    </requirement>
    <requirement namespace="osgi.wiring.package">
      <directive name="filter" value="(&amp;(osgi.wiring.package=com.liferay.dynamic.data.lists.exporter)(&amp;(version&gt;=2.0.0)(!(version&gt;=3.0.0))))"/>
    </requirement>
    <requirement namespace="osgi.wiring.package">
      <directive name="filter" value="(&amp;(osgi.wiring.package=com.liferay.dynamic.data.lists.model)(&amp;(version&gt;=1.1.0)(!(version&gt;=2.0.0))))"/>
    </requirement>
    <requirement namespace="osgi.wiring.package">
      <directive name="filter" value="(&amp;(osgi.wiring.package=com.liferay.dynamic.data.lists.service)(&amp;(version&gt;=1.2.0)(!(version&gt;=2.0.0))))"/>
    </requirement>
    <requirement namespace="osgi.wiring.package">
      <directive name="filter" value="(&amp;(osgi.wiring.package=com.liferay.dynamic.data.lists.util)(&amp;(version&gt;=1.0.0)(!(version&gt;=2.0.0))))"/>
    </requirement>
    <requirement namespace="osgi.wiring.package">
      <directive name="filter" value="(&amp;(osgi.wiring.package=com.liferay.dynamic.data.lists.util.comparator)(&amp;(version&gt;=1.1.0)(!(version&gt;=2.0.0))))"/>
    </requirement>
    <requirement namespace="osgi.wiring.package">
      <directive name="filter" value="(&amp;(osgi.wiring.package=com.liferay.dynamic.data.mapping.exception)(&amp;(version&gt;=1.3.0)(!(version&gt;=2.0.0))))"/>
    </requirement>
    <requirement namespace="osgi.wiring.package">
      <directive name="filter" value="(&amp;(osgi.wiring.package=com.liferay.dynamic.data.mapping.io)(&amp;(version&gt;=1.0.0)(!(version&gt;=2.0.0))))"/>
    </requirement>
    <requirement namespace="osgi.wiring.package">
      <directive name="filter" value="(&amp;(osgi.wiring.package=com.liferay.dynamic.data.mapping.kernel)(&amp;(version&gt;=1.2.0)(!(version&gt;=2.0.0))))"/>
    </requirement>
    <requirement namespace="osgi.wiring.package">
      <directive name="filter" value="(&amp;(osgi.wiring.package=com.liferay.dynamic.data.mapping.model)(&amp;(version&gt;=1.6.0)(!(version&gt;=2.0.0))))"/>
    </requirement>
    <requirement namespace="osgi.wiring.package">
      <directive name="filter" value="(&amp;(osgi.wiring.package=com.liferay.dynamic.data.mapping.render)(&amp;(version&gt;=1.1.0)(!(version&gt;=2.0.0))))"/>
    </requirement>
    <requirement namespace="osgi.wiring.package">
      <directive name="filter" value="(&amp;(osgi.wiring.package=com.liferay.dynamic.data.mapping.security.permission)(&amp;(version&gt;=1.0.0)(!(version&gt;=2.0.0))))"/>
    </requirement>
    <requirement namespace="osgi.wiring.package">
      <directive name="filter" value="(&amp;(osgi.wiring.package=com.liferay.dynamic.data.mapping.service)(&amp;(version&gt;=1.2.0)(!(version&gt;=2.0.0))))"/>
    </requirement>
    <requirement namespace="osgi.wiring.package">
      <directive name="filter" value="(&amp;(osgi.wiring.package=com.liferay.dynamic.data.mapping.storage)(&amp;(version&gt;=1.0.0)(!(version&gt;=2.0.0))))"/>
    </requirement>
    <requirement namespace="osgi.wiring.package">
      <directive name="filter" value="(&amp;(osgi.wiring.package=com.liferay.dynamic.data.mapping.template)(&amp;(version&gt;=1.0.0)(!(version&gt;=2.0.0))))"/>
    </requirement>
    <requirement namespace="osgi.wiring.package">
      <directive name="filter" value="(&amp;(osgi.wiring.package=com.liferay.dynamic.data.mapping.util)(&amp;(version&gt;=1.5.0)(!(version&gt;=2.0.0))))"/>
    </requirement>
    <requirement namespace="osgi.wiring.package">
      <directive name="filter" value="(&amp;(osgi.wiring.package=com.liferay.dynamic.data.mapping.webdav)(&amp;(version&gt;=1.0.0)(!(version&gt;=2.0.0))))"/>
    </requirement>
    <requirement namespace="osgi.wiring.package">
      <directive name="filter" value="(&amp;(osgi.wiring.package=com.liferay.expando.kernel.model)(&amp;(version&gt;=1.1.0)(!(version&gt;=2.0.0))))"/>
    </requirement>
    <requirement namespace="osgi.wiring.package">
      <directive name="filter" value="(&amp;(osgi.wiring.package=com.liferay.exportimport.kernel.lar)(&amp;(version&gt;=1.11.0)(!(version&gt;=2.0.0))))"/>
    </requirement>
    <requirement namespace="osgi.wiring.package">
      <directive name="filter" value="(&amp;(osgi.wiring.package=com.liferay.exportimport.kernel.model)(&amp;(version&gt;=1.0.0)(!(version&gt;=2.0.0))))"/>
    </requirement>
    <requirement namespace="osgi.wiring.package">
      <directive name="filter" value="(&amp;(osgi.wiring.package=com.liferay.exportimport.kernel.staging)(&amp;(version&gt;=1.8.0)(!(version&gt;=2.0.0))))"/>
    </requirement>
    <requirement namespace="osgi.wiring.package">
      <directive name="filter" value="(&amp;(osgi.wiring.package=com.liferay.exportimport.portlet.preferences.processor)(&amp;(version&gt;=1.1.0)(!(version&gt;=2.0.0))))"/>
    </requirement>
    <requirement namespace="osgi.wiring.package">
      <directive name="filter" value="(&amp;(osgi.wiring.package=com.liferay.exportimport.staged.model.repository)(&amp;(version&gt;=1.1.0)(!(version&gt;=2.0.0))))"/>
    </requirement>
    <requirement namespace="osgi.wiring.package">
      <directive name="filter" value="(&amp;(osgi.wiring.package=com.liferay.frontend.taglib.clay.servlet.taglib.util)(&amp;(version&gt;=1.0.0)(!(version&gt;=2.0.0))))"/>
    </requirement>
    <requirement namespace="osgi.wiring.package">
      <directive name="filter" value="(&amp;(osgi.wiring.package=com.liferay.petra.string)(&amp;(version&gt;=1.3.0)(!(version&gt;=2.0.0))))"/>
    </requirement>
    <requirement namespace="osgi.wiring.package">
      <directive name="filter" value="(&amp;(osgi.wiring.package=com.liferay.portal.configuration.metatype.annotations)(&amp;(version&gt;=1.1.0)(!(version&gt;=2.0.0))))"/>
    </requirement>
    <requirement namespace="osgi.wiring.package">
      <directive name="filter" value="(&amp;(osgi.wiring.package=com.liferay.portal.configuration.metatype.bnd.util)(&amp;(version&gt;=2.0.0)(!(version&gt;=3.0.0))))"/>
    </requirement>
    <requirement namespace="osgi.wiring.package">
      <directive name="filter" value="(&amp;(osgi.wiring.package=com.liferay.portal.kernel.annotation)(&amp;(version&gt;=6.3.0)(!(version&gt;=7.0.0))))"/>
    </requirement>
    <requirement namespace="osgi.wiring.package">
      <directive name="filter" value="(&amp;(osgi.wiring.package=com.liferay.portal.kernel.application.type)(&amp;(version&gt;=1.0.0)(!(version&gt;=2.0.0))))"/>
    </requirement>
    <requirement namespace="osgi.wiring.package">
      <directive name="filter" value="(&amp;(osgi.wiring.package=com.liferay.portal.kernel.atom)(&amp;(version&gt;=7.0.0)(!(version&gt;=8.0.0))))"/>
    </requirement>
    <requirement namespace="osgi.wiring.package">
      <directive name="filter" value="(&amp;(osgi.wiring.package=com.liferay.portal.kernel.bean)(&amp;(version&gt;=7.1.0)(!(version&gt;=8.0.0))))"/>
    </requirement>
    <requirement namespace="osgi.wiring.package">
      <directive name="filter" value="(&amp;(osgi.wiring.package=com.liferay.portal.kernel.cache.thread.local)(&amp;(version&gt;=1.1.0)(!(version&gt;=2.0.0))))"/>
    </requirement>
    <requirement namespace="osgi.wiring.package">
      <directive name="filter" value="(&amp;(osgi.wiring.package=com.liferay.portal.kernel.cluster)(&amp;(version&gt;=7.0.0)(!(version&gt;=8.0.0))))"/>
    </requirement>
    <requirement namespace="osgi.wiring.package">
      <directive name="filter" value="(&amp;(osgi.wiring.package=com.liferay.portal.kernel.configuration)(&amp;(version&gt;=6.2.0)(!(version&gt;=7.0.0))))"/>
    </requirement>
    <requirement namespace="osgi.wiring.package">
      <directive name="filter" value="(&amp;(osgi.wiring.package=com.liferay.portal.kernel.dao.orm)(&amp;(version&gt;=7.3.0)(!(version&gt;=8.0.0))))"/>
    </requirement>
    <requirement namespace="osgi.wiring.package">
      <directive name="filter" value="(&amp;(osgi.wiring.package=com.liferay.portal.kernel.dao.search)(&amp;(version&gt;=7.3.0)(!(version&gt;=8.0.0))))"/>
    </requirement>
    <requirement namespace="osgi.wiring.package">
      <directive name="filter" value="(&amp;(osgi.wiring.package=com.liferay.portal.kernel.display.context.util)(&amp;(version&gt;=1.0.0)(!(version&gt;=2.0.0))))"/>
    </requirement>
    <requirement namespace="osgi.wiring.package">
      <directive name="filter" value="(&amp;(osgi.wiring.package=com.liferay.portal.kernel.exception)(&amp;(version&gt;=7.4.0)(!(version&gt;=8.0.0))))"/>
    </requirement>
    <requirement namespace="osgi.wiring.package">
      <directive name="filter" value="(&amp;(osgi.wiring.package=com.liferay.portal.kernel.io.unsync)(&amp;(version&gt;=6.2.0)(!(version&gt;=7.0.0))))"/>
    </requirement>
    <requirement namespace="osgi.wiring.package">
      <directive name="filter" value="(&amp;(osgi.wiring.package=com.liferay.portal.kernel.json)(&amp;(version&gt;=7.1.0)(!(version&gt;=8.0.0))))"/>
    </requirement>
    <requirement namespace="osgi.wiring.package">
      <directive name="filter" value="(&amp;(osgi.wiring.package=com.liferay.portal.kernel.jsonwebservice)(&amp;(version&gt;=7.0.0)(!(version&gt;=8.0.0))))"/>
    </requirement>
    <requirement namespace="osgi.wiring.package">
      <directive name="filter" value="(&amp;(osgi.wiring.package=com.liferay.portal.kernel.language)(&amp;(version&gt;=7.3.0)(!(version&gt;=8.0.0))))"/>
    </requirement>
    <requirement namespace="osgi.wiring.package">
      <directive name="filter" value="(&amp;(osgi.wiring.package=com.liferay.portal.kernel.log)(&amp;(version&gt;=7.0.0)(!(version&gt;=8.0.0))))"/>
    </requirement>
    <requirement namespace="osgi.wiring.package">
      <directive name="filter" value="(&amp;(osgi.wiring.package=com.liferay.portal.kernel.messaging.async)(&amp;(version&gt;=6.2.0)(!(version&gt;=7.0.0))))"/>
    </requirement>
    <requirement namespace="osgi.wiring.package">
      <directive name="filter" value="(&amp;(osgi.wiring.package=com.liferay.portal.kernel.model)(&amp;(version&gt;=2.0.0)(!(version&gt;=3.0.0))))"/>
    </requirement>
    <requirement namespace="osgi.wiring.package">
      <directive name="filter" value="(&amp;(osgi.wiring.package=com.liferay.portal.kernel.model.impl)(&amp;(version&gt;=1.1.0)(!(version&gt;=2.0.0))))"/>
    </requirement>
    <requirement namespace="osgi.wiring.package">
      <directive name="filter" value="(&amp;(osgi.wiring.package=com.liferay.portal.kernel.model.portlet)(&amp;(version&gt;=1.0.0)(!(version&gt;=2.0.0))))"/>
    </requirement>
    <requirement namespace="osgi.wiring.package">
      <directive name="filter" value="(&amp;(osgi.wiring.package=com.liferay.portal.kernel.module.framework)(&amp;(version&gt;=1.2.0)(!(version&gt;=2.0.0))))"/>
    </requirement>
    <requirement namespace="osgi.wiring.package">
      <directive name="filter" value="(&amp;(osgi.wiring.package=com.liferay.portal.kernel.notifications)(&amp;(version&gt;=7.3.0)(!(version&gt;=8.0.0))))"/>
    </requirement>
    <requirement namespace="osgi.wiring.package">
      <directive name="filter" value="(&amp;(osgi.wiring.package=com.liferay.portal.kernel.plugin)(&amp;(version&gt;=6.3.0)(!(version&gt;=7.0.0))))"/>
    </requirement>
    <requirement namespace="osgi.wiring.package">
      <directive name="filter" value="(&amp;(osgi.wiring.package=com.liferay.portal.kernel.poller)(&amp;(version&gt;=7.0.0)(!(version&gt;=8.0.0))))"/>
    </requirement>
    <requirement namespace="osgi.wiring.package">
      <directive name="filter" value="(&amp;(osgi.wiring.package=com.liferay.portal.kernel.pop)(&amp;(version&gt;=6.2.0)(!(version&gt;=7.0.0))))"/>
    </requirement>
    <requirement namespace="osgi.wiring.package">
      <directive name="filter" value="(&amp;(osgi.wiring.package=com.liferay.portal.kernel.portlet)(&amp;(version&gt;=8.0.0)(!(version&gt;=9.0.0))))"/>
    </requirement>
    <requirement namespace="osgi.wiring.package">
      <directive name="filter" value="(&amp;(osgi.wiring.package=com.liferay.portal.kernel.portlet.bridges.mvc)(&amp;(version&gt;=1.6.0)(!(version&gt;=2.0.0))))"/>
    </requirement>
    <requirement namespace="osgi.wiring.package">
      <directive name="filter" value="(&amp;(osgi.wiring.package=com.liferay.portal.kernel.portlet.configuration.icon)(&amp;(version&gt;=1.0.0)(!(version&gt;=2.0.0))))"/>
    </requirement>
    <requirement namespace="osgi.wiring.package">
      <directive name="filter" value="(&amp;(osgi.wiring.package=com.liferay.portal.kernel.repository.model)(&amp;(version&gt;=7.2.0)(!(version&gt;=8.0.0))))"/>
    </requirement>
    <requirement namespace="osgi.wiring.package">
      <directive name="filter" value="(&amp;(osgi.wiring.package=com.liferay.portal.kernel.resiliency.spi.agent.annotation)(&amp;(version&gt;=6.2.0)(!(version&gt;=7.0.0))))"/>
    </requirement>
    <requirement namespace="osgi.wiring.package">
      <directive name="filter" value="(&amp;(osgi.wiring.package=com.liferay.portal.kernel.scheduler)(&amp;(version&gt;=7.4.0)(!(version&gt;=8.0.0))))"/>
    </requirement>
    <requirement namespace="osgi.wiring.package">
      <directive name="filter" value="(&amp;(osgi.wiring.package=com.liferay.portal.kernel.search)(&amp;(version&gt;=7.7.0)(!(version&gt;=8.0.0))))"/>
    </requirement>
    <requirement namespace="osgi.wiring.package">
      <directive name="filter" value="(&amp;(osgi.wiring.package=com.liferay.portal.kernel.security.access.control)(&amp;(version&gt;=1.0.0)(!(version&gt;=2.0.0))))"/>
    </requirement>
    <requirement namespace="osgi.wiring.package">
      <directive name="filter" value="(&amp;(osgi.wiring.package=com.liferay.portal.kernel.security.auth)(&amp;(version&gt;=1.1.0)(!(version&gt;=2.0.0))))"/>
    </requirement>
    <requirement namespace="osgi.wiring.package">
      <directive name="filter" value="(&amp;(osgi.wiring.package=com.liferay.portal.kernel.security.permission)(&amp;(version&gt;=1.8.0)(!(version&gt;=2.0.0))))"/>
    </requirement>
    <requirement namespace="osgi.wiring.package">
      <directive name="filter" value="(&amp;(osgi.wiring.package=com.liferay.portal.kernel.security.permission.resource)(&amp;(version&gt;=1.0.0)(!(version&gt;=2.0.0))))"/>
    </requirement>
    <requirement namespace="osgi.wiring.package">
      <directive name="filter" value="(&amp;(osgi.wiring.package=com.liferay.portal.kernel.service)(&amp;(version&gt;=1.34.0)(!(version&gt;=2.0.0))))"/>
    </requirement>
    <requirement namespace="osgi.wiring.package">
      <directive name="filter" value="(&amp;(osgi.wiring.package=com.liferay.portal.kernel.service.configuration)(&amp;(version&gt;=1.1.0)(!(version&gt;=2.0.0))))"/>
    </requirement>
    <requirement namespace="osgi.wiring.package">
      <directive name="filter" value="(&amp;(osgi.wiring.package=com.liferay.portal.kernel.service.permission)(&amp;(version&gt;=1.1.0)(!(version&gt;=2.0.0))))"/>
    </requirement>
    <requirement namespace="osgi.wiring.package">
      <directive name="filter" value="(&amp;(osgi.wiring.package=com.liferay.portal.kernel.service.persistence)(&amp;(version&gt;=1.18.0)(!(version&gt;=2.0.0))))"/>
    </requirement>
    <requirement namespace="osgi.wiring.package">
      <directive name="filter" value="(&amp;(osgi.wiring.package=com.liferay.portal.kernel.servlet)(&amp;(version&gt;=7.11.0)(!(version&gt;=8.0.0))))"/>
    </requirement>
    <requirement namespace="osgi.wiring.package">
      <directive name="filter" value="(&amp;(osgi.wiring.package=com.liferay.portal.kernel.servlet.taglib.ui)(&amp;(version&gt;=6.4.0)(!(version&gt;=7.0.0))))"/>
    </requirement>
    <requirement namespace="osgi.wiring.package">
      <directive name="filter" value="(&amp;(osgi.wiring.package=com.liferay.portal.kernel.settings)(&amp;(version&gt;=1.3.0)(!(version&gt;=2.0.0))))"/>
    </requirement>
    <requirement namespace="osgi.wiring.package">
      <directive name="filter" value="(&amp;(osgi.wiring.package=com.liferay.portal.kernel.spring.aop)(&amp;(version&gt;=6.4.0)(!(version&gt;=7.0.0))))"/>
    </requirement>
    <requirement namespace="osgi.wiring.package">
      <directive name="filter" value="(&amp;(osgi.wiring.package=com.liferay.portal.kernel.systemevent)(&amp;(version&gt;=6.2.0)(!(version&gt;=7.0.0))))"/>
    </requirement>
    <requirement namespace="osgi.wiring.package">
      <directive name="filter" value="(&amp;(osgi.wiring.package=com.liferay.portal.kernel.template)(&amp;(version&gt;=7.2.0)(!(version&gt;=8.0.0))))"/>
    </requirement>
    <requirement namespace="osgi.wiring.package">
      <directive name="filter" value="(&amp;(osgi.wiring.package=com.liferay.portal.kernel.theme)(&amp;(version&gt;=1.6.0)(!(version&gt;=2.0.0))))"/>
    </requirement>
    <requirement namespace="osgi.wiring.package">
      <directive name="filter" value="(&amp;(osgi.wiring.package=com.liferay.portal.kernel.transaction)(&amp;(version&gt;=7.1.0)(!(version&gt;=8.0.0))))"/>
    </requirement>
    <requirement namespace="osgi.wiring.package">
      <directive name="filter" value="(&amp;(osgi.wiring.package=com.liferay.portal.kernel.trash)(&amp;(version&gt;=7.1.0)(!(version&gt;=8.0.0))))"/>
    </requirement>
    <requirement namespace="osgi.wiring.package">
      <directive name="filter" value="(&amp;(osgi.wiring.package=com.liferay.portal.kernel.upgrade)(&amp;(version&gt;=7.8.0)(!(version&gt;=8.0.0))))"/>
    </requirement>
    <requirement namespace="osgi.wiring.package">
      <directive name="filter" value="(&amp;(osgi.wiring.package=com.liferay.portal.kernel.upload)(&amp;(version&gt;=6.4.0)(!(version&gt;=7.0.0))))"/>
    </requirement>
    <requirement namespace="osgi.wiring.package">
      <directive name="filter" value="(&amp;(osgi.wiring.package=com.liferay.portal.kernel.util)(&amp;(version&gt;=8.3.0)(!(version&gt;=9.0.0))))"/>
    </requirement>
    <requirement namespace="osgi.wiring.package">
      <directive name="filter" value="(&amp;(osgi.wiring.package=com.liferay.portal.kernel.webdav)(&amp;(version&gt;=7.0.0)(!(version&gt;=8.0.0))))"/>
    </requirement>
    <requirement namespace="osgi.wiring.package">
      <directive name="filter" value="(&amp;(osgi.wiring.package=com.liferay.portal.kernel.workflow)(&amp;(version&gt;=7.3.0)(!(version&gt;=8.0.0))))"/>
    </requirement>
    <requirement namespace="osgi.wiring.package">
      <directive name="filter" value="(&amp;(osgi.wiring.package=com.liferay.portal.kernel.xml)(&amp;(version&gt;=7.0.0)(!(version&gt;=8.0.0))))"/>
    </requirement>
    <requirement namespace="osgi.wiring.package">
      <directive name="filter" value="(&amp;(osgi.wiring.package=com.liferay.portal.kernel.xmlrpc)(&amp;(version&gt;=6.2.0)(!(version&gt;=7.0.0))))"/>
    </requirement>
    <requirement namespace="osgi.wiring.package">
      <directive name="filter" value="(&amp;(osgi.wiring.package=com.liferay.portal.model.impl))"/>
    </requirement>
    <requirement namespace="osgi.wiring.package">
      <directive name="filter" value="(&amp;(osgi.wiring.package=com.liferay.portal.service))"/>
    </requirement>
    <requirement namespace="osgi.wiring.package">
      <directive name="filter" value="(&amp;(osgi.wiring.package=com.liferay.portal.spring.aop)(&amp;(version&gt;=2.0.0)(!(version&gt;=3.0.0))))"/>
    </requirement>
    <requirement namespace="osgi.wiring.package">
      <directive name="filter" value="(&amp;(osgi.wiring.package=com.liferay.portal.templateparser))"/>
    </requirement>
    <requirement namespace="osgi.wiring.package">
      <directive name="filter" value="(&amp;(osgi.wiring.package=com.liferay.portal.upgrade.registry)(&amp;(version&gt;=2.0.0)(!(version&gt;=3.0.0))))"/>
    </requirement>
    <requirement namespace="osgi.wiring.package">
      <directive name="filter" value="(&amp;(osgi.wiring.package=com.liferay.portlet)(&amp;(version&gt;=2.0.0)(!(version&gt;=3.0.0))))"/>
    </requirement>
    <requirement namespace="osgi.wiring.package">
      <directive name="filter" value="(&amp;(osgi.wiring.package=com.liferay.registry.collections))"/>
    </requirement>
    <requirement namespace="osgi.wiring.package">
      <directive name="filter" value="(&amp;(osgi.wiring.package=com.liferay.social.kernel.model)(&amp;(version&gt;=1.1.0)(!(version&gt;=2.0.0))))"/>
    </requirement>
    <requirement namespace="osgi.wiring.package">
      <directive name="filter" value="(&amp;(osgi.wiring.package=com.liferay.taglib.search)(&amp;(version&gt;=1.1.0)(!(version&gt;=2.0.0))))"/>
    </requirement>
    <requirement namespace="osgi.wiring.package">
      <directive name="filter" value="(&amp;(osgi.wiring.package=com.liferay.trash.kernel.model)(&amp;(version&gt;=1.0.0)(!(version&gt;=2.0.0))))"/>
    </requirement>
    <requirement namespace="osgi.wiring.package">
      <directive name="filter" value="(&amp;(osgi.wiring.package=javax.portlet))"/>
    </requirement>
    <requirement namespace="osgi.wiring.package">
      <directive name="filter" value="(&amp;(osgi.wiring.package=javax.portlet.annotations))"/>
    </requirement>
    <requirement namespace="osgi.wiring.package">
      <directive name="filter" value="(&amp;(osgi.wiring.package=javax.servlet)(&amp;(version&gt;=3.0.0)(!(version&gt;=4.0.0))))"/>
    </requirement>
    <requirement namespace="osgi.wiring.package">
      <directive name="filter" value="(&amp;(osgi.wiring.package=javax.servlet.http)(&amp;(version&gt;=3.0.0)(!(version&gt;=4.0.0))))"/>
    </requirement>
    <requirement namespace="osgi.wiring.package">
      <directive name="filter" value="(&amp;(osgi.wiring.package=org.aopalliance.intercept))"/>
    </requirement>
    <requirement namespace="osgi.extender">
      <directive name="filter" value="(&amp;(osgi.extender=jsp.taglib)(uri=http://java.sun.com/portlet_2_0))"/>
    </requirement>
    <requirement namespace="osgi.extender">
      <directive name="filter" value="(&amp;(osgi.extender=jsp.taglib)(uri=http://liferay.com/tld/asset))"/>
    </requirement>
    <requirement namespace="osgi.extender">
      <directive name="filter" value="(&amp;(osgi.extender=jsp.taglib)(uri=http://liferay.com/tld/aui))"/>
    </requirement>
    <requirement namespace="osgi.extender">
      <directive name="filter" value="(&amp;(osgi.extender=jsp.taglib)(uri=http://liferay.com/tld/clay))"/>
    </requirement>
    <requirement namespace="osgi.extender">
      <directive name="filter" value="(&amp;(osgi.extender=jsp.taglib)(uri=http://liferay.com/tld/ddm))"/>
    </requirement>
    <requirement namespace="osgi.extender">
      <directive name="filter" value="(&amp;(osgi.extender=jsp.taglib)(uri=http://liferay.com/tld/frontend))"/>
    </requirement>
    <requirement namespace="osgi.extender">
      <directive name="filter" value="(&amp;(osgi.extender=jsp.taglib)(uri=http://liferay.com/tld/portlet))"/>
    </requirement>
    <requirement namespace="osgi.extender">
      <directive name="filter" value="(&amp;(osgi.extender=jsp.taglib)(uri=http://liferay.com/tld/security))"/>
    </requirement>
    <requirement namespace="osgi.extender">
      <directive name="filter" value="(&amp;(osgi.extender=jsp.taglib)(uri=http://liferay.com/tld/theme))"/>
    </requirement>
    <requirement namespace="osgi.extender">
      <directive name="filter" value="(&amp;(osgi.extender=jsp.taglib)(uri=http://liferay.com/tld/ui))"/>
    </requirement>
    <requirement namespace="osgi.extender">
      <directive name="filter" value="(&amp;(osgi.extender=jsp.taglib)(uri=http://liferay.com/tld/util))"/>
    </requirement>
    <requirement namespace="osgi.extender">
      <directive name="filter" value="(&amp;(osgi.extender=osgi.component)(version&gt;=1.3.0)(!(version&gt;=2.0.0)))"/>
    </requirement>
    <requirement namespace="osgi.service">
      <directive name="filter" value="(objectClass=com.liferay.asset.kernel.service.AssetEntryLocalService)"/>
      <directive name="effective" value="active"/>
    </requirement>
    <requirement namespace="osgi.service">
      <directive name="filter" value="(objectClass=com.liferay.dynamic.data.lists.exporter.DDLExporterFactory)"/>
      <directive name="effective" value="active"/>
    </requirement>
    <requirement namespace="osgi.service">
      <directive name="filter" value="(objectClass=com.liferay.dynamic.data.lists.service.DDLRecordLocalService)"/>
      <directive name="effective" value="active"/>
    </requirement>
    <requirement namespace="osgi.service">
      <directive name="filter" value="(objectClass=com.liferay.dynamic.data.lists.service.DDLRecordService)"/>
      <directive name="effective" value="active"/>
    </requirement>
    <requirement namespace="osgi.service">
      <directive name="filter" value="(objectClass=com.liferay.dynamic.data.lists.service.DDLRecordSetLocalService)"/>
      <directive name="effective" value="active"/>
    </requirement>
    <requirement namespace="osgi.service">
      <directive name="filter" value="(objectClass=com.liferay.dynamic.data.lists.service.DDLRecordSetService)"/>
      <directive name="effective" value="active"/>
    </requirement>
    <requirement namespace="osgi.service">
      <directive name="filter" value="(objectClass=com.liferay.dynamic.data.lists.service.DDLRecordVersionLocalService)"/>
      <directive name="effective" value="active"/>
    </requirement>
    <requirement namespace="osgi.service">
      <directive name="filter" value="(objectClass=com.liferay.dynamic.data.lists.util.DDL)"/>
      <directive name="effective" value="active"/>
    </requirement>
    <requirement namespace="osgi.service">
      <directive name="filter" value="(objectClass=com.liferay.dynamic.data.lists.web.internal.configuration.activator.DDLWebConfigurationActivator)"/>
      <directive name="effective" value="active"/>
      <directive name="resolution" value="optional"/>
    </requirement>
    <requirement namespace="osgi.service">
      <directive name="filter" value="(objectClass=com.liferay.dynamic.data.mapping.io.DDMFormJSONDeserializer)"/>
      <directive name="effective" value="active"/>
    </requirement>
    <requirement namespace="osgi.service">
      <directive name="filter" value="(objectClass=com.liferay.dynamic.data.mapping.io.DDMFormValuesJSONDeserializer)"/>
      <directive name="effective" value="active"/>
    </requirement>
    <requirement namespace="osgi.service">
      <directive name="filter" value="(objectClass=com.liferay.dynamic.data.mapping.security.permission.DDMPermissionSupport)"/>
      <directive name="effective" value="active"/>
    </requirement>
    <requirement namespace="osgi.service">
      <directive name="filter" value="(objectClass=com.liferay.dynamic.data.mapping.service.DDMStructureLocalService)"/>
      <directive name="effective" value="active"/>
    </requirement>
    <requirement namespace="osgi.service">
      <directive name="filter" value="(objectClass=com.liferay.dynamic.data.mapping.service.DDMTemplateLocalService)"/>
      <directive name="effective" value="active"/>
    </requirement>
    <requirement namespace="osgi.service">
      <directive name="filter" value="(objectClass=com.liferay.dynamic.data.mapping.service.DDMTemplateService)"/>
      <directive name="effective" value="active"/>
    </requirement>
    <requirement namespace="osgi.service">
      <directive name="filter" value="(objectClass=com.liferay.dynamic.data.mapping.storage.StorageEngine)"/>
      <directive name="effective" value="active"/>
    </requirement>
    <requirement namespace="osgi.service">
      <directive name="filter" value="(objectClass=com.liferay.dynamic.data.mapping.util.DDMDisplayRegistry)"/>
      <directive name="effective" value="active"/>
    </requirement>
    <requirement namespace="osgi.service">
      <directive name="filter" value="(objectClass=com.liferay.dynamic.data.mapping.webdav.DDMWebDAV)"/>
      <directive name="effective" value="active"/>
    </requirement>
    <requirement namespace="osgi.service">
      <directive name="filter" value="(objectClass=com.liferay.exportimport.kernel.staging.Staging)"/>
      <directive name="effective" value="active"/>
    </requirement>
    <requirement namespace="osgi.service">
      <directive name="filter" value="(objectClass=com.liferay.exportimport.portlet.preferences.processor.Capability)"/>
      <directive name="effective" value="active"/>
    </requirement>
    <requirement namespace="osgi.service">
      <directive name="filter" value="(objectClass=com.liferay.exportimport.staged.model.repository.StagedModelRepository)"/>
      <directive name="effective" value="active"/>
    </requirement>
    <requirement namespace="osgi.service">
      <directive name="filter" value="(objectClass=com.liferay.portal.kernel.model.Portlet)"/>
      <directive name="effective" value="active"/>
    </requirement>
    <requirement namespace="osgi.service">
      <directive name="filter" value="(objectClass=com.liferay.portal.kernel.model.Release)"/>
      <directive name="effective" value="active"/>
    </requirement>
    <requirement namespace="osgi.service">
      <directive name="filter" value="(objectClass=com.liferay.portal.kernel.module.framework.ModuleServiceLifecycle)"/>
      <directive name="effective" value="active"/>
    </requirement>
    <requirement namespace="osgi.service">
      <directive name="filter" value="(objectClass=com.liferay.portal.kernel.security.permission.resource.ModelResourcePermission)"/>
      <directive name="effective" value="active"/>
    </requirement>
    <requirement namespace="osgi.service">
      <directive name="filter" value="(objectClass=com.liferay.portal.kernel.security.permission.resource.PortletResourcePermission)"/>
      <directive name="effective" value="active"/>
    </requirement>
    <requirement namespace="osgi.service">
      <directive name="filter" value="(objectClass=com.liferay.portal.kernel.service.PortletLocalService)"/>
      <directive name="effective" value="active"/>
    </requirement>
    <requirement namespace="osgi.service">
      <directive name="filter" value="(objectClass=com.liferay.portal.kernel.service.PortletPreferencesLocalService)"/>
      <directive name="effective" value="active"/>
    </requirement>
    <requirement namespace="osgi.service">
      <directive name="filter" value="(objectClass=com.liferay.portal.kernel.service.ResourcePermissionLocalService)"/>
      <directive name="effective" value="active"/>
    </requirement>
    <requirement namespace="osgi.service">
      <directive name="filter" value="(objectClass=com.liferay.portal.kernel.service.WorkflowDefinitionLinkLocalService)"/>
      <directive name="effective" value="active"/>
    </requirement>
    <requirement namespace="osgi.service">
      <directive name="filter" value="(objectClass=com.liferay.portal.kernel.util.Portal)"/>
      <directive name="effective" value="active"/>
    </requirement>
    <requirement namespace="osgi.service">
      <directive name="filter" value="(objectClass=javax.servlet.ServletContext)"/>
      <directive name="effective" value="active"/>
    </requirement>
    <requirement namespace="osgi.contract">
      <directive name="filter" value="(&amp;(osgi.contract=JavaPortlet)(version=3.0.0))"/>
      <attribute name="osgi.contract" value="JavaPortlet"/>
    </requirement>
    <requirement namespace="osgi.ee">
      <directive name="filter" value="(&amp;(osgi.ee=JavaSE)(version=1.8))"/>
    </requirement>
  </resource>
</repository>
