<?xml version='1.0' encoding='UTF-8'?>
<repository xmlns="http://www.osgi.org/xmlns/repository/v1.0.0" name="Liferay CE Foundation - Liferay CE Portal Instances - API" increment="1">
  <resource>
    <capability namespace="osgi.identity">
      <attribute name="osgi.identity" value="com.liferay.portal.instances.api"/>
      <attribute name="type" value="osgi.bundle"/>
      <attribute name="version" value="2.0.0" type="Version"/>
    </capability>
    <capability namespace="osgi.wiring.bundle">
      <attribute name="bundle-version" value="2.0.0" type="Version"/>
      <attribute name="osgi.wiring.bundle" value="com.liferay.portal.instances.api"/>
    </capability>
    <capability namespace="osgi.wiring.host">
      <attribute name="bundle-version" value="2.0.0" type="Version"/>
      <attribute name="osgi.wiring.host" value="com.liferay.portal.instances.api"/>
    </capability>
    <capability namespace="osgi.wiring.package">
      <directive name="uses" value="com.liferay.portal.kernel.cluster,com.liferay.portal.kernel.exception,com.liferay.portal.kernel.service,com.liferay.portal.kernel.transaction,javax.servlet,javax.servlet.http"/>
      <attribute name="version" value="1.0.0" type="Version"/>
      <attribute name="osgi.wiring.package" value="com.liferay.portal.instances.service"/>
    </capability>
    <capability namespace="osgi.content">
      <attribute name="size" value="6988" type="Long"/>
      <attribute name="url" value="com.liferay.portal.instances.api-2.0.0.jar"/>
      <attribute name="mime" value="application/vnd.osgi.bundle"/>
      <attribute name="osgi.content" value="A5CBAAA086B560B95CB5F6A5C448231189468D55AE13D7E540EB4A72ED341794"/>
    </capability>
    <requirement namespace="osgi.wiring.package">
      <directive name="filter" value="(&amp;(osgi.wiring.package=com.liferay.portal.kernel.cluster)(&amp;(version&gt;=7.0.0)(!(version&gt;=8.0.0))))"/>
    </requirement>
    <requirement namespace="osgi.wiring.package">
      <directive name="filter" value="(&amp;(osgi.wiring.package=com.liferay.portal.kernel.exception)(&amp;(version&gt;=7.2.0)(!(version&gt;=8.0.0))))"/>
    </requirement>
    <requirement namespace="osgi.wiring.package">
      <directive name="filter" value="(&amp;(osgi.wiring.package=com.liferay.portal.kernel.service)(&amp;(version&gt;=1.27.0)(!(version&gt;=2.0.0))))"/>
    </requirement>
    <requirement namespace="osgi.wiring.package">
      <directive name="filter" value="(&amp;(osgi.wiring.package=com.liferay.portal.kernel.transaction)(&amp;(version&gt;=7.1.0)(!(version&gt;=8.0.0))))"/>
    </requirement>
    <requirement namespace="osgi.wiring.package">
      <directive name="filter" value="(&amp;(osgi.wiring.package=javax.servlet)(&amp;(version&gt;=3.0.0)(!(version&gt;=4.0.0))))"/>
    </requirement>
    <requirement namespace="osgi.wiring.package">
      <directive name="filter" value="(&amp;(osgi.wiring.package=javax.servlet.http)(&amp;(version&gt;=3.0.0)(!(version&gt;=4.0.0))))"/>
    </requirement>
    <requirement namespace="osgi.wiring.package">
      <directive name="filter" value="(&amp;(osgi.wiring.package=org.osgi.framework)(&amp;(version&gt;=1.7.0)(!(version&gt;=2.0.0))))"/>
    </requirement>
    <requirement namespace="osgi.wiring.package">
      <directive name="filter" value="(&amp;(osgi.wiring.package=org.osgi.util.tracker)(&amp;(version&gt;=1.5.0)(!(version&gt;=2.0.0))))"/>
    </requirement>
    <requirement namespace="osgi.ee">
      <directive name="filter" value="(&amp;(osgi.ee=JavaSE)(version=1.7))"/>
    </requirement>
  </resource>
</repository>
