<?xml version='1.0' encoding='UTF-8'?>
<repository xmlns="http://www.osgi.org/xmlns/repository/v1.0.0" name="Liferay CE Foundation - Liferay CE Petra - API" increment="1">
  <resource>
    <capability namespace="osgi.identity">
      <attribute name="osgi.identity" value="com.liferay.petra.doulos"/>
      <attribute name="type" value="osgi.bundle"/>
      <attribute name="version" value="4.0.2" type="Version"/>
    </capability>
    <capability namespace="osgi.wiring.bundle">
      <attribute name="bundle-version" value="4.0.2" type="Version"/>
      <attribute name="osgi.wiring.bundle" value="com.liferay.petra.doulos"/>
    </capability>
    <capability namespace="osgi.wiring.host">
      <attribute name="bundle-version" value="4.0.2" type="Version"/>
      <attribute name="osgi.wiring.host" value="com.liferay.petra.doulos"/>
    </capability>
    <capability namespace="osgi.wiring.package">
      <directive name="uses" value="org.json"/>
      <attribute name="version" value="3.3.0" type="Version"/>
      <attribute name="osgi.wiring.package" value="com.liferay.petra.doulos.processor"/>
    </capability>
    <capability namespace="osgi.wiring.package">
      <directive name="uses" value="com.liferay.petra.doulos.processor,javax.servlet,javax.servlet.http"/>
      <attribute name="version" value="1.2.0" type="Version"/>
      <attribute name="osgi.wiring.package" value="com.liferay.petra.doulos.servlet"/>
    </capability>
    <capability namespace="osgi.content">
      <attribute name="size" value="565401" type="Long"/>
      <attribute name="url" value="com.liferay.petra.doulos-4.0.2.jar"/>
      <attribute name="mime" value="application/vnd.osgi.bundle"/>
      <attribute name="osgi.content" value="5E73D6A2D3EF3E50A490CC2FDF8973B674C36A420A410EA2BECEB65374A27027"/>
    </capability>
    <requirement namespace="osgi.wiring.package">
      <directive name="filter" value="(&amp;(osgi.wiring.package=com.liferay.petra.string)(&amp;(version&gt;=1.3.0)(!(version&gt;=2.0.0))))"/>
    </requirement>
    <requirement namespace="osgi.wiring.package">
      <directive name="filter" value="(&amp;(osgi.wiring.package=javax.servlet)(&amp;(version&gt;=3.0.0)(!(version&gt;=4.0.0))))"/>
    </requirement>
    <requirement namespace="osgi.wiring.package">
      <directive name="filter" value="(&amp;(osgi.wiring.package=javax.servlet.http)(&amp;(version&gt;=3.0.0)(!(version&gt;=4.0.0))))"/>
    </requirement>
    <requirement namespace="osgi.wiring.package">
      <directive name="filter" value="(&amp;(osgi.wiring.package=org.apache.commons.logging)(&amp;(version&gt;=1.2.0)(!(version&gt;=2.0.0))))"/>
    </requirement>
    <requirement namespace="osgi.wiring.package">
      <directive name="filter" value="(&amp;(osgi.wiring.package=org.json))"/>
    </requirement>
    <requirement namespace="osgi.wiring.package">
      <directive name="filter" value="(&amp;(osgi.wiring.package=sun.misc))"/>
    </requirement>
    <requirement namespace="osgi.ee">
      <directive name="filter" value="(&amp;(osgi.ee=JavaSE)(version=1.7))"/>
    </requirement>
  </resource>
  <resource>
    <capability namespace="osgi.identity">
      <attribute name="osgi.identity" value="com.liferay.petra.io.delta"/>
      <attribute name="type" value="osgi.bundle"/>
      <attribute name="version" value="2.0.1" type="Version"/>
    </capability>
    <capability namespace="osgi.wiring.bundle">
      <attribute name="bundle-version" value="2.0.1" type="Version"/>
      <attribute name="osgi.wiring.bundle" value="com.liferay.petra.io.delta"/>
    </capability>
    <capability namespace="osgi.wiring.host">
      <attribute name="bundle-version" value="2.0.1" type="Version"/>
      <attribute name="osgi.wiring.host" value="com.liferay.petra.io.delta"/>
    </capability>
    <capability namespace="osgi.wiring.package">
      <attribute name="version" value="1.1.0" type="Version"/>
      <attribute name="osgi.wiring.package" value="com.liferay.petra.io.delta"/>
    </capability>
    <capability namespace="osgi.content">
      <attribute name="size" value="2561896" type="Long"/>
      <attribute name="url" value="com.liferay.petra.io.delta-2.0.1.jar"/>
      <attribute name="mime" value="application/vnd.osgi.bundle"/>
      <attribute name="osgi.content" value="104FEA51F17CA6A919BBCEA4C2BE46EB70616AA9593A94D0D1BFAA1F9D31C54E"/>
    </capability>
    <requirement namespace="osgi.ee">
      <directive name="filter" value="(&amp;(osgi.ee=JavaSE)(version=1.7))"/>
    </requirement>
  </resource>
  <resource>
    <capability namespace="osgi.identity">
      <attribute name="osgi.identity" value="com.liferay.petra.json.web.service.client"/>
      <attribute name="type" value="osgi.bundle"/>
      <attribute name="version" value="8.1.3" type="Version"/>
    </capability>
    <capability namespace="osgi.wiring.bundle">
      <attribute name="bundle-version" value="8.1.3" type="Version"/>
      <attribute name="osgi.wiring.bundle" value="com.liferay.petra.json.web.service.client"/>
    </capability>
    <capability namespace="osgi.wiring.host">
      <attribute name="bundle-version" value="8.1.3" type="Version"/>
      <attribute name="osgi.wiring.host" value="com.liferay.petra.json.web.service.client"/>
    </capability>
    <capability namespace="osgi.wiring.package">
      <attribute name="version" value="7.2.0" type="Version"/>
      <attribute name="osgi.wiring.package" value="com.liferay.petra.json.web.service.client"/>
    </capability>
    <capability namespace="osgi.content">
      <attribute name="size" value="3049446" type="Long"/>
      <attribute name="url" value="com.liferay.petra.json.web.service.client-8.1.3.jar"/>
      <attribute name="mime" value="application/vnd.osgi.bundle"/>
      <attribute name="osgi.content" value="CE2CFA4026DE3AA8AC201805F1DDE11A5043B3F0EEF727E05751F27E8D75AFFB"/>
    </capability>
    <requirement namespace="osgi.wiring.package">
      <directive name="filter" value="(&amp;(osgi.wiring.package=javax.crypto))"/>
    </requirement>
    <requirement namespace="osgi.wiring.package">
      <directive name="filter" value="(&amp;(osgi.wiring.package=javax.crypto.spec))"/>
    </requirement>
    <requirement namespace="osgi.wiring.package">
      <directive name="filter" value="(&amp;(osgi.wiring.package=javax.naming))"/>
    </requirement>
    <requirement namespace="osgi.wiring.package">
      <directive name="filter" value="(&amp;(osgi.wiring.package=javax.naming.directory))"/>
    </requirement>
    <requirement namespace="osgi.wiring.package">
      <directive name="filter" value="(&amp;(osgi.wiring.package=javax.naming.ldap))"/>
    </requirement>
    <requirement namespace="osgi.wiring.package">
      <directive name="filter" value="(&amp;(osgi.wiring.package=javax.net))"/>
    </requirement>
    <requirement namespace="osgi.wiring.package">
      <directive name="filter" value="(&amp;(osgi.wiring.package=javax.net.ssl))"/>
    </requirement>
    <requirement namespace="osgi.wiring.package">
      <directive name="filter" value="(&amp;(osgi.wiring.package=javax.security.auth.x500))"/>
    </requirement>
    <requirement namespace="osgi.wiring.package">
      <directive name="filter" value="(&amp;(osgi.wiring.package=javax.xml.datatype))"/>
    </requirement>
    <requirement namespace="osgi.wiring.package">
      <directive name="filter" value="(&amp;(osgi.wiring.package=javax.xml.namespace))"/>
    </requirement>
    <requirement namespace="osgi.wiring.package">
      <directive name="filter" value="(&amp;(osgi.wiring.package=javax.xml.parsers))"/>
    </requirement>
    <requirement namespace="osgi.wiring.package">
      <directive name="filter" value="(&amp;(osgi.wiring.package=org.apache.commons.logging))"/>
    </requirement>
    <requirement namespace="osgi.wiring.package">
      <directive name="filter" value="(&amp;(osgi.wiring.package=org.ietf.jgss))"/>
    </requirement>
    <requirement namespace="osgi.wiring.package">
      <directive name="filter" value="(&amp;(osgi.wiring.package=org.slf4j)(&amp;(version&gt;=1.7.0)(!(version&gt;=2.0.0))))"/>
    </requirement>
    <requirement namespace="osgi.wiring.package">
      <directive name="filter" value="(&amp;(osgi.wiring.package=org.w3c.dom))"/>
    </requirement>
    <requirement namespace="osgi.wiring.package">
      <directive name="filter" value="(&amp;(osgi.wiring.package=org.w3c.dom.bootstrap))"/>
    </requirement>
    <requirement namespace="osgi.wiring.package">
      <directive name="filter" value="(&amp;(osgi.wiring.package=org.w3c.dom.ls))"/>
    </requirement>
    <requirement namespace="osgi.wiring.package">
      <directive name="filter" value="(&amp;(osgi.wiring.package=org.xml.sax))"/>
    </requirement>
    <requirement namespace="osgi.extender">
      <directive name="filter" value="(&amp;(osgi.extender=osgi.component)(version&gt;=1.3.0)(!(version&gt;=2.0.0)))"/>
    </requirement>
    <requirement namespace="osgi.ee">
      <directive name="filter" value="(&amp;(osgi.ee=JavaSE)(version=1.6))"/>
    </requirement>
  </resource>
  <resource>
    <capability namespace="osgi.identity">
      <attribute name="osgi.identity" value="com.liferay.petra.model.adapter"/>
      <attribute name="type" value="osgi.bundle"/>
      <attribute name="version" value="2.0.1" type="Version"/>
    </capability>
    <capability namespace="osgi.wiring.bundle">
      <attribute name="bundle-version" value="2.0.1" type="Version"/>
      <attribute name="osgi.wiring.bundle" value="com.liferay.petra.model.adapter"/>
    </capability>
    <capability namespace="osgi.wiring.host">
      <attribute name="bundle-version" value="2.0.1" type="Version"/>
      <attribute name="osgi.wiring.host" value="com.liferay.petra.model.adapter"/>
    </capability>
    <capability namespace="osgi.wiring.package">
      <directive name="uses" value="com.liferay.portal.kernel.dao.orm,com.liferay.portal.kernel.util"/>
      <attribute name="version" value="1.1.0" type="Version"/>
      <attribute name="osgi.wiring.package" value="com.liferay.petra.model.adapter.util"/>
    </capability>
    <capability namespace="osgi.content">
      <attribute name="size" value="7839" type="Long"/>
      <attribute name="url" value="com.liferay.petra.model.adapter-2.0.1.jar"/>
      <attribute name="mime" value="application/vnd.osgi.bundle"/>
      <attribute name="osgi.content" value="A128B3B4510C70675EE3F02CF6D564048CA803AEABF88AC229D3A4DDEE5AE342"/>
    </capability>
    <requirement namespace="osgi.wiring.package">
      <directive name="filter" value="(&amp;(osgi.wiring.package=com.liferay.portal.kernel.dao.orm)(&amp;(version&gt;=7.3.0)(!(version&gt;=8.0.0))))"/>
    </requirement>
    <requirement namespace="osgi.wiring.package">
      <directive name="filter" value="(&amp;(osgi.wiring.package=com.liferay.portal.kernel.model)(&amp;(version&gt;=2.0.0)(!(version&gt;=3.0.0))))"/>
    </requirement>
    <requirement namespace="osgi.wiring.package">
      <directive name="filter" value="(&amp;(osgi.wiring.package=com.liferay.portal.kernel.util)(&amp;(version&gt;=8.0.0)(!(version&gt;=9.0.0))))"/>
    </requirement>
    <requirement namespace="osgi.ee">
      <directive name="filter" value="(&amp;(osgi.ee=JavaSE)(version=1.8))"/>
    </requirement>
  </resource>
</repository>
