<?xml version='1.0' encoding='UTF-8'?>
<repository xmlns="http://www.osgi.org/xmlns/repository/v1.0.0" name="Liferay CE Foundation - Liferay CE Apio Architect - Impl" increment="1">
  <resource>
    <capability namespace="osgi.identity">
      <attribute name="osgi.identity" value="com.liferay.apio.architect.exception.mapper.impl"/>
      <attribute name="type" value="osgi.bundle"/>
      <attribute name="version" value="1.0.7" type="Version"/>
    </capability>
    <capability namespace="osgi.wiring.bundle">
      <attribute name="bundle-version" value="1.0.7" type="Version"/>
      <attribute name="osgi.wiring.bundle" value="com.liferay.apio.architect.exception.mapper.impl"/>
    </capability>
    <capability namespace="osgi.wiring.host">
      <attribute name="bundle-version" value="1.0.7" type="Version"/>
      <attribute name="osgi.wiring.host" value="com.liferay.apio.architect.exception.mapper.impl"/>
    </capability>
    <capability namespace="osgi.service">
      <attribute name="objectClass" value="com.liferay.apio.architect.exception.mapper.ExceptionMapper" type="List&lt;String&gt;"/>
    </capability>
    <capability namespace="osgi.content">
      <attribute name="size" value="22249" type="Long"/>
      <attribute name="url" value="com.liferay.apio.architect.exception.mapper.impl-1.0.7.jar"/>
      <attribute name="mime" value="application/vnd.osgi.bundle"/>
      <attribute name="osgi.content" value="4425386B5C77422C25BFBBC87B70EEE39B1F2337F031A4DA924C2D4F5A588824"/>
    </capability>
    <requirement namespace="osgi.wiring.package">
      <directive name="filter" value="(&amp;(osgi.wiring.package=com.liferay.apio.architect.error)(&amp;(version&gt;=1.1.0)(!(version&gt;=2.0.0))))"/>
    </requirement>
    <requirement namespace="osgi.wiring.package">
      <directive name="filter" value="(&amp;(osgi.wiring.package=com.liferay.apio.architect.exception.mapper)(&amp;(version&gt;=1.0.0)(!(version&gt;=2.0.0))))"/>
    </requirement>
    <requirement namespace="osgi.wiring.package">
      <directive name="filter" value="(&amp;(osgi.wiring.package=javax.ws.rs)(&amp;(version&gt;=2.1.0)(!(version&gt;=3.0.0))))"/>
    </requirement>
    <requirement namespace="osgi.wiring.package">
      <directive name="filter" value="(&amp;(osgi.wiring.package=javax.ws.rs.core)(&amp;(version&gt;=2.1.0)(!(version&gt;=3.0.0))))"/>
    </requirement>
    <requirement namespace="osgi.extender">
      <directive name="filter" value="(&amp;(osgi.extender=osgi.component)(version&gt;=1.3.0)(!(version&gt;=2.0.0)))"/>
    </requirement>
    <requirement namespace="osgi.ee">
      <directive name="filter" value="(&amp;(osgi.ee=JavaSE)(version=1.8))"/>
    </requirement>
  </resource>
  <resource>
    <capability namespace="osgi.identity">
      <attribute name="osgi.identity" value="com.liferay.apio.architect.impl"/>
      <attribute name="type" value="osgi.bundle"/>
      <attribute name="version" value="1.0.15" type="Version"/>
    </capability>
    <capability namespace="osgi.wiring.bundle">
      <attribute name="bundle-version" value="1.0.15" type="Version"/>
      <attribute name="osgi.wiring.bundle" value="com.liferay.apio.architect.impl"/>
    </capability>
    <capability namespace="osgi.wiring.host">
      <attribute name="bundle-version" value="1.0.15" type="Version"/>
      <attribute name="osgi.wiring.host" value="com.liferay.apio.architect.impl"/>
    </capability>
    <capability namespace="osgi.service">
      <attribute name="objectClass" value="com.liferay.apio.architect.internal.annotation.ActionRouterRepresentorManager" type="List&lt;String&gt;"/>
    </capability>
    <capability namespace="osgi.service">
      <attribute name="objectClass" value="com.liferay.apio.architect.internal.endpoint.RootEndpoint" type="List&lt;String&gt;"/>
    </capability>
    <capability namespace="osgi.service">
      <attribute name="objectClass" value="com.liferay.apio.architect.internal.jaxrs.json.util.ErrorUtil" type="List&lt;String&gt;"/>
    </capability>
    <capability namespace="osgi.service">
      <attribute name="objectClass" value="com.liferay.apio.architect.internal.message.json.BatchResultMessageMapper" type="List&lt;String&gt;"/>
    </capability>
    <capability namespace="osgi.service">
      <attribute name="objectClass" value="com.liferay.apio.architect.internal.message.json.DocumentationMessageMapper" type="List&lt;String&gt;"/>
    </capability>
    <capability namespace="osgi.service">
      <attribute name="objectClass" value="com.liferay.apio.architect.internal.message.json.EntryPointMessageMapper" type="List&lt;String&gt;"/>
    </capability>
    <capability namespace="osgi.service">
      <attribute name="objectClass" value="com.liferay.apio.architect.internal.message.json.ErrorMessageMapper" type="List&lt;String&gt;"/>
    </capability>
    <capability namespace="osgi.service">
      <attribute name="objectClass" value="com.liferay.apio.architect.internal.message.json.FormMessageMapper" type="List&lt;String&gt;"/>
    </capability>
    <capability namespace="osgi.service">
      <attribute name="objectClass" value="com.liferay.apio.architect.internal.message.json.PageMessageMapper" type="List&lt;String&gt;"/>
    </capability>
    <capability namespace="osgi.service">
      <attribute name="objectClass" value="com.liferay.apio.architect.internal.message.json.SingleModelMessageMapper" type="List&lt;String&gt;"/>
    </capability>
    <capability namespace="osgi.service">
      <attribute name="objectClass" value="com.liferay.apio.architect.internal.wiring.osgi.manager.documentation.contributor.CustomDocumentationManager" type="List&lt;String&gt;"/>
    </capability>
    <capability namespace="osgi.service">
      <attribute name="objectClass" value="com.liferay.apio.architect.internal.wiring.osgi.manager.exception.mapper.ExceptionMapperManager" type="List&lt;String&gt;"/>
    </capability>
    <capability namespace="osgi.service">
      <attribute name="objectClass" value="com.liferay.apio.architect.internal.wiring.osgi.manager.message.json.BatchResultMessageMapperManager" type="List&lt;String&gt;"/>
    </capability>
    <capability namespace="osgi.service">
      <attribute name="objectClass" value="com.liferay.apio.architect.internal.wiring.osgi.manager.message.json.DocumentationMessageMapperManager" type="List&lt;String&gt;"/>
    </capability>
    <capability namespace="osgi.service">
      <attribute name="objectClass" value="com.liferay.apio.architect.internal.wiring.osgi.manager.message.json.EntryPointMessageMapperManager" type="List&lt;String&gt;"/>
    </capability>
    <capability namespace="osgi.service">
      <attribute name="objectClass" value="com.liferay.apio.architect.internal.wiring.osgi.manager.message.json.ErrorMessageMapperManager" type="List&lt;String&gt;"/>
    </capability>
    <capability namespace="osgi.service">
      <attribute name="objectClass" value="com.liferay.apio.architect.internal.wiring.osgi.manager.message.json.FormMessageMapperManager" type="List&lt;String&gt;"/>
    </capability>
    <capability namespace="osgi.service">
      <attribute name="objectClass" value="com.liferay.apio.architect.internal.wiring.osgi.manager.message.json.PageMessageMapperManager" type="List&lt;String&gt;"/>
    </capability>
    <capability namespace="osgi.service">
      <attribute name="objectClass" value="com.liferay.apio.architect.internal.wiring.osgi.manager.message.json.SingleModelMessageMapperManager" type="List&lt;String&gt;"/>
    </capability>
    <capability namespace="osgi.service">
      <attribute name="objectClass" value="com.liferay.apio.architect.internal.wiring.osgi.manager.provider.ProviderManager" type="List&lt;String&gt;"/>
    </capability>
    <capability namespace="osgi.service">
      <attribute name="objectClass" value="com.liferay.apio.architect.internal.wiring.osgi.manager.representable.IdentifierClassManager,com.liferay.apio.architect.internal.wiring.osgi.manager.representable.NameManager,com.liferay.apio.architect.internal.wiring.osgi.manager.representable.RepresentableManager" type="List&lt;String&gt;"/>
    </capability>
    <capability namespace="osgi.service">
      <attribute name="objectClass" value="com.liferay.apio.architect.internal.wiring.osgi.manager.router.CollectionRouterManager" type="List&lt;String&gt;"/>
    </capability>
    <capability namespace="osgi.service">
      <attribute name="objectClass" value="com.liferay.apio.architect.internal.wiring.osgi.manager.router.ItemRouterManager" type="List&lt;String&gt;"/>
    </capability>
    <capability namespace="osgi.service">
      <attribute name="objectClass" value="com.liferay.apio.architect.internal.wiring.osgi.manager.router.NestedCollectionRouterManager" type="List&lt;String&gt;"/>
    </capability>
    <capability namespace="osgi.service">
      <attribute name="objectClass" value="com.liferay.apio.architect.internal.wiring.osgi.manager.router.ReusableNestedCollectionRouterManager" type="List&lt;String&gt;"/>
    </capability>
    <capability namespace="osgi.service">
      <attribute name="objectClass" value="com.liferay.apio.architect.internal.wiring.osgi.manager.uri.mapper.PathIdentifierMapperManager" type="List&lt;String&gt;"/>
    </capability>
    <capability namespace="osgi.service">
      <attribute name="objectClass" value="com.liferay.apio.architect.internal.wiring.osgi.validator.NameValidator" type="List&lt;String&gt;"/>
    </capability>
    <capability namespace="osgi.service">
      <attribute name="objectClass" value="com.liferay.apio.architect.provider.Provider" type="List&lt;String&gt;"/>
    </capability>
    <capability namespace="osgi.service">
      <attribute name="objectClass" value="javax.ws.rs.container.ContainerResponseFilter" type="List&lt;String&gt;"/>
    </capability>
    <capability namespace="osgi.service">
      <attribute name="objectClass" value="javax.ws.rs.core.Application" type="List&lt;String&gt;"/>
    </capability>
    <capability namespace="osgi.service">
      <attribute name="objectClass" value="javax.ws.rs.ext.ExceptionMapper" type="List&lt;String&gt;"/>
    </capability>
    <capability namespace="osgi.service">
      <attribute name="objectClass" value="javax.ws.rs.ext.MessageBodyReader" type="List&lt;String&gt;"/>
    </capability>
    <capability namespace="osgi.service">
      <attribute name="objectClass" value="javax.ws.rs.ext.MessageBodyWriter" type="List&lt;String&gt;"/>
    </capability>
    <capability namespace="osgi.content">
      <attribute name="size" value="2992973" type="Long"/>
      <attribute name="url" value="com.liferay.apio.architect.impl-1.0.15.jar"/>
      <attribute name="mime" value="application/vnd.osgi.bundle"/>
      <attribute name="osgi.content" value="5BAFA61326B8F64E157977402D5F39BF83F50DE4C59D4D82E66FF16DC65B9BDA"/>
    </capability>
    <requirement namespace="osgi.wiring.package">
      <directive name="filter" value="(&amp;(osgi.wiring.package=com.liferay.apio.architect.alias)(&amp;(version&gt;=1.0.0)(!(version&gt;=2.0.0))))"/>
    </requirement>
    <requirement namespace="osgi.wiring.package">
      <directive name="filter" value="(&amp;(osgi.wiring.package=com.liferay.apio.architect.alias.form)(&amp;(version&gt;=1.0.0)(!(version&gt;=2.0.0))))"/>
    </requirement>
    <requirement namespace="osgi.wiring.package">
      <directive name="filter" value="(&amp;(osgi.wiring.package=com.liferay.apio.architect.alias.representor)(&amp;(version&gt;=1.1.0)(!(version&gt;=2.0.0))))"/>
    </requirement>
    <requirement namespace="osgi.wiring.package">
      <directive name="filter" value="(&amp;(osgi.wiring.package=com.liferay.apio.architect.alias.routes)(&amp;(version&gt;=1.2.0)(!(version&gt;=2.0.0))))"/>
    </requirement>
    <requirement namespace="osgi.wiring.package">
      <directive name="filter" value="(&amp;(osgi.wiring.package=com.liferay.apio.architect.alias.routes.permission)(&amp;(version&gt;=1.0.0)(!(version&gt;=2.0.0))))"/>
    </requirement>
    <requirement namespace="osgi.wiring.package">
      <directive name="filter" value="(&amp;(osgi.wiring.package=com.liferay.apio.architect.annotation)(&amp;(version&gt;=1.1.0)(!(version&gt;=2.0.0))))"/>
    </requirement>
    <requirement namespace="osgi.wiring.package">
      <directive name="filter" value="(&amp;(osgi.wiring.package=com.liferay.apio.architect.batch)(&amp;(version&gt;=1.0.0)(!(version&gt;=2.0.0))))"/>
    </requirement>
    <requirement namespace="osgi.wiring.package">
      <directive name="filter" value="(&amp;(osgi.wiring.package=com.liferay.apio.architect.consumer)(&amp;(version&gt;=1.0.0)(!(version&gt;=2.0.0))))"/>
    </requirement>
    <requirement namespace="osgi.wiring.package">
      <directive name="filter" value="(&amp;(osgi.wiring.package=com.liferay.apio.architect.consumer.throwable)(&amp;(version&gt;=1.0.0)(!(version&gt;=2.0.0))))"/>
    </requirement>
    <requirement namespace="osgi.wiring.package">
      <directive name="filter" value="(&amp;(osgi.wiring.package=com.liferay.apio.architect.credentials)(&amp;(version&gt;=1.0.0)(!(version&gt;=2.0.0))))"/>
    </requirement>
    <requirement namespace="osgi.wiring.package">
      <directive name="filter" value="(&amp;(osgi.wiring.package=com.liferay.apio.architect.custom.actions)(&amp;(version&gt;=1.0.0)(!(version&gt;=2.0.0))))"/>
    </requirement>
    <requirement namespace="osgi.wiring.package">
      <directive name="filter" value="(&amp;(osgi.wiring.package=com.liferay.apio.architect.documentation)(&amp;(version&gt;=1.0.0)(!(version&gt;=2.0.0))))"/>
    </requirement>
    <requirement namespace="osgi.wiring.package">
      <directive name="filter" value="(&amp;(osgi.wiring.package=com.liferay.apio.architect.documentation.contributor)(&amp;(version&gt;=1.0.0)(!(version&gt;=1.1.0))))"/>
    </requirement>
    <requirement namespace="osgi.wiring.package">
      <directive name="filter" value="(&amp;(osgi.wiring.package=com.liferay.apio.architect.error)(&amp;(version&gt;=1.1.0)(!(version&gt;=2.0.0))))"/>
    </requirement>
    <requirement namespace="osgi.wiring.package">
      <directive name="filter" value="(&amp;(osgi.wiring.package=com.liferay.apio.architect.exception.mapper)(&amp;(version&gt;=1.0.0)(!(version&gt;=2.0.0))))"/>
    </requirement>
    <requirement namespace="osgi.wiring.package">
      <directive name="filter" value="(&amp;(osgi.wiring.package=com.liferay.apio.architect.file)(&amp;(version&gt;=1.1.0)(!(version&gt;=2.0.0))))"/>
    </requirement>
    <requirement namespace="osgi.wiring.package">
      <directive name="filter" value="(&amp;(osgi.wiring.package=com.liferay.apio.architect.form)(&amp;(version&gt;=1.2.0)(!(version&gt;=1.3.0))))"/>
    </requirement>
    <requirement namespace="osgi.wiring.package">
      <directive name="filter" value="(&amp;(osgi.wiring.package=com.liferay.apio.architect.function.throwable)(&amp;(version&gt;=1.0.0)(!(version&gt;=2.0.0))))"/>
    </requirement>
    <requirement namespace="osgi.wiring.package">
      <directive name="filter" value="(&amp;(osgi.wiring.package=com.liferay.apio.architect.functional)(&amp;(version&gt;=1.0.0)(!(version&gt;=2.0.0))))"/>
    </requirement>
    <requirement namespace="osgi.wiring.package">
      <directive name="filter" value="(&amp;(osgi.wiring.package=com.liferay.apio.architect.identifier)(&amp;(version&gt;=1.0.0)(!(version&gt;=2.0.0))))"/>
    </requirement>
    <requirement namespace="osgi.wiring.package">
      <directive name="filter" value="(&amp;(osgi.wiring.package=com.liferay.apio.architect.language)(&amp;(version&gt;=1.0.0)(!(version&gt;=2.0.0))))"/>
    </requirement>
    <requirement namespace="osgi.wiring.package">
      <directive name="filter" value="(&amp;(osgi.wiring.package=com.liferay.apio.architect.operation)(&amp;(version&gt;=1.2.0)(!(version&gt;=1.3.0))))"/>
    </requirement>
    <requirement namespace="osgi.wiring.package">
      <directive name="filter" value="(&amp;(osgi.wiring.package=com.liferay.apio.architect.pagination)(&amp;(version&gt;=1.0.0)(!(version&gt;=1.1.0))))"/>
    </requirement>
    <requirement namespace="osgi.wiring.package">
      <directive name="filter" value="(&amp;(osgi.wiring.package=com.liferay.apio.architect.provider)(&amp;(version&gt;=1.0.0)(!(version&gt;=2.0.0))))"/>
    </requirement>
    <requirement namespace="osgi.wiring.package">
      <directive name="filter" value="(&amp;(osgi.wiring.package=com.liferay.apio.architect.related)(&amp;(version&gt;=1.2.0)(!(version&gt;=1.3.0))))"/>
    </requirement>
    <requirement namespace="osgi.wiring.package">
      <directive name="filter" value="(&amp;(osgi.wiring.package=com.liferay.apio.architect.representor)(&amp;(version&gt;=1.3.0)(!(version&gt;=1.4.0))))"/>
    </requirement>
    <requirement namespace="osgi.wiring.package">
      <directive name="filter" value="(&amp;(osgi.wiring.package=com.liferay.apio.architect.resource)(&amp;(version&gt;=1.0.0)(!(version&gt;=2.0.0))))"/>
    </requirement>
    <requirement namespace="osgi.wiring.package">
      <directive name="filter" value="(&amp;(osgi.wiring.package=com.liferay.apio.architect.router)(&amp;(version&gt;=1.2.0)(!(version&gt;=2.0.0))))"/>
    </requirement>
    <requirement namespace="osgi.wiring.package">
      <directive name="filter" value="(&amp;(osgi.wiring.package=com.liferay.apio.architect.routes)(&amp;(version&gt;=1.2.0)(!(version&gt;=1.3.0))))"/>
    </requirement>
    <requirement namespace="osgi.wiring.package">
      <directive name="filter" value="(&amp;(osgi.wiring.package=com.liferay.apio.architect.single.model)(&amp;(version&gt;=1.0.0)(!(version&gt;=1.1.0))))"/>
    </requirement>
    <requirement namespace="osgi.wiring.package">
      <directive name="filter" value="(&amp;(osgi.wiring.package=com.liferay.apio.architect.supplier)(&amp;(version&gt;=1.0.0)(!(version&gt;=2.0.0))))"/>
    </requirement>
    <requirement namespace="osgi.wiring.package">
      <directive name="filter" value="(&amp;(osgi.wiring.package=com.liferay.apio.architect.uri)(&amp;(version&gt;=1.0.0)(!(version&gt;=2.0.0))))"/>
    </requirement>
    <requirement namespace="osgi.wiring.package">
      <directive name="filter" value="(&amp;(osgi.wiring.package=com.liferay.apio.architect.uri.mapper)(&amp;(version&gt;=1.0.0)(!(version&gt;=2.0.0))))"/>
    </requirement>
    <requirement namespace="osgi.wiring.package">
      <directive name="filter" value="(&amp;(osgi.wiring.package=javax.servlet)(&amp;(version&gt;=3.0.0)(!(version&gt;=4.0.0))))"/>
    </requirement>
    <requirement namespace="osgi.wiring.package">
      <directive name="filter" value="(&amp;(osgi.wiring.package=javax.servlet.http)(&amp;(version&gt;=3.0.0)(!(version&gt;=4.0.0))))"/>
    </requirement>
    <requirement namespace="osgi.wiring.package">
      <directive name="filter" value="(&amp;(osgi.wiring.package=javax.ws.rs)(&amp;(version&gt;=2.1.0)(!(version&gt;=3.0.0))))"/>
    </requirement>
    <requirement namespace="osgi.wiring.package">
      <directive name="filter" value="(&amp;(osgi.wiring.package=javax.ws.rs.container)(&amp;(version&gt;=2.1.0)(!(version&gt;=3.0.0))))"/>
    </requirement>
    <requirement namespace="osgi.wiring.package">
      <directive name="filter" value="(&amp;(osgi.wiring.package=javax.ws.rs.core)(&amp;(version&gt;=2.1.0)(!(version&gt;=3.0.0))))"/>
    </requirement>
    <requirement namespace="osgi.wiring.package">
      <directive name="filter" value="(&amp;(osgi.wiring.package=javax.ws.rs.ext)(&amp;(version&gt;=2.1.0)(!(version&gt;=3.0.0))))"/>
    </requirement>
    <requirement namespace="osgi.wiring.package">
      <directive name="filter" value="(&amp;(osgi.wiring.package=javax.xml.datatype))"/>
    </requirement>
    <requirement namespace="osgi.wiring.package">
      <directive name="filter" value="(&amp;(osgi.wiring.package=javax.xml.namespace))"/>
    </requirement>
    <requirement namespace="osgi.wiring.package">
      <directive name="filter" value="(&amp;(osgi.wiring.package=javax.xml.parsers))"/>
    </requirement>
    <requirement namespace="osgi.wiring.package">
      <directive name="filter" value="(&amp;(osgi.wiring.package=org.osgi.framework)(&amp;(version&gt;=1.8.0)(!(version&gt;=2.0.0))))"/>
    </requirement>
    <requirement namespace="osgi.wiring.package">
      <directive name="filter" value="(&amp;(osgi.wiring.package=org.osgi.util.tracker)(&amp;(version&gt;=1.5.0)(!(version&gt;=2.0.0))))"/>
    </requirement>
    <requirement namespace="osgi.wiring.package">
      <directive name="filter" value="(&amp;(osgi.wiring.package=org.slf4j)(&amp;(version&gt;=1.7.0)(!(version&gt;=2.0.0))))"/>
    </requirement>
    <requirement namespace="osgi.wiring.package">
      <directive name="filter" value="(&amp;(osgi.wiring.package=org.w3c.dom))"/>
    </requirement>
    <requirement namespace="osgi.wiring.package">
      <directive name="filter" value="(&amp;(osgi.wiring.package=org.w3c.dom.bootstrap))"/>
    </requirement>
    <requirement namespace="osgi.wiring.package">
      <directive name="filter" value="(&amp;(osgi.wiring.package=org.w3c.dom.ls))"/>
    </requirement>
    <requirement namespace="osgi.wiring.package">
      <directive name="filter" value="(&amp;(osgi.wiring.package=org.xml.sax))"/>
    </requirement>
    <requirement namespace="osgi.extender">
      <directive name="filter" value="(&amp;(osgi.extender=osgi.component)(version&gt;=1.3.0)(!(version&gt;=2.0.0)))"/>
    </requirement>
    <requirement namespace="osgi.service">
      <directive name="filter" value="(objectClass=com.liferay.apio.architect.internal.annotation.ActionRouterRepresentorManager)"/>
      <directive name="effective" value="active"/>
    </requirement>
    <requirement namespace="osgi.service">
      <directive name="filter" value="(objectClass=com.liferay.apio.architect.internal.endpoint.RootEndpoint)"/>
      <directive name="effective" value="active"/>
    </requirement>
    <requirement namespace="osgi.service">
      <directive name="filter" value="(objectClass=com.liferay.apio.architect.internal.jaxrs.json.util.ErrorUtil)"/>
      <directive name="effective" value="active"/>
    </requirement>
    <requirement namespace="osgi.service">
      <directive name="filter" value="(objectClass=com.liferay.apio.architect.internal.wiring.osgi.manager.documentation.contributor.CustomDocumentationManager)"/>
      <directive name="effective" value="active"/>
    </requirement>
    <requirement namespace="osgi.service">
      <directive name="filter" value="(objectClass=com.liferay.apio.architect.internal.wiring.osgi.manager.exception.mapper.ExceptionMapperManager)"/>
      <directive name="effective" value="active"/>
    </requirement>
    <requirement namespace="osgi.service">
      <directive name="filter" value="(objectClass=com.liferay.apio.architect.internal.wiring.osgi.manager.message.json.BatchResultMessageMapperManager)"/>
      <directive name="effective" value="active"/>
    </requirement>
    <requirement namespace="osgi.service">
      <directive name="filter" value="(objectClass=com.liferay.apio.architect.internal.wiring.osgi.manager.message.json.DocumentationMessageMapperManager)"/>
      <directive name="effective" value="active"/>
    </requirement>
    <requirement namespace="osgi.service">
      <directive name="filter" value="(objectClass=com.liferay.apio.architect.internal.wiring.osgi.manager.message.json.EntryPointMessageMapperManager)"/>
      <directive name="effective" value="active"/>
    </requirement>
    <requirement namespace="osgi.service">
      <directive name="filter" value="(objectClass=com.liferay.apio.architect.internal.wiring.osgi.manager.message.json.ErrorMessageMapperManager)"/>
      <directive name="effective" value="active"/>
    </requirement>
    <requirement namespace="osgi.service">
      <directive name="filter" value="(objectClass=com.liferay.apio.architect.internal.wiring.osgi.manager.message.json.FormMessageMapperManager)"/>
      <directive name="effective" value="active"/>
    </requirement>
    <requirement namespace="osgi.service">
      <directive name="filter" value="(objectClass=com.liferay.apio.architect.internal.wiring.osgi.manager.message.json.PageMessageMapperManager)"/>
      <directive name="effective" value="active"/>
    </requirement>
    <requirement namespace="osgi.service">
      <directive name="filter" value="(objectClass=com.liferay.apio.architect.internal.wiring.osgi.manager.message.json.SingleModelMessageMapperManager)"/>
      <directive name="effective" value="active"/>
    </requirement>
    <requirement namespace="osgi.service">
      <directive name="filter" value="(objectClass=com.liferay.apio.architect.internal.wiring.osgi.manager.provider.ProviderManager)"/>
      <directive name="effective" value="active"/>
    </requirement>
    <requirement namespace="osgi.service">
      <directive name="filter" value="(objectClass=com.liferay.apio.architect.internal.wiring.osgi.manager.representable.IdentifierClassManager)"/>
      <directive name="effective" value="active"/>
    </requirement>
    <requirement namespace="osgi.service">
      <directive name="filter" value="(objectClass=com.liferay.apio.architect.internal.wiring.osgi.manager.representable.NameManager)"/>
      <directive name="effective" value="active"/>
    </requirement>
    <requirement namespace="osgi.service">
      <directive name="filter" value="(objectClass=com.liferay.apio.architect.internal.wiring.osgi.manager.representable.RepresentableManager)"/>
      <directive name="effective" value="active"/>
    </requirement>
    <requirement namespace="osgi.service">
      <directive name="filter" value="(objectClass=com.liferay.apio.architect.internal.wiring.osgi.manager.router.CollectionRouterManager)"/>
      <directive name="effective" value="active"/>
    </requirement>
    <requirement namespace="osgi.service">
      <directive name="filter" value="(objectClass=com.liferay.apio.architect.internal.wiring.osgi.manager.router.ItemRouterManager)"/>
      <directive name="effective" value="active"/>
    </requirement>
    <requirement namespace="osgi.service">
      <directive name="filter" value="(objectClass=com.liferay.apio.architect.internal.wiring.osgi.manager.router.NestedCollectionRouterManager)"/>
      <directive name="effective" value="active"/>
    </requirement>
    <requirement namespace="osgi.service">
      <directive name="filter" value="(objectClass=com.liferay.apio.architect.internal.wiring.osgi.manager.router.ReusableNestedCollectionRouterManager)"/>
      <directive name="effective" value="active"/>
    </requirement>
    <requirement namespace="osgi.service">
      <directive name="filter" value="(objectClass=com.liferay.apio.architect.internal.wiring.osgi.manager.uri.mapper.PathIdentifierMapperManager)"/>
      <directive name="effective" value="active"/>
    </requirement>
    <requirement namespace="osgi.service">
      <directive name="filter" value="(objectClass=com.liferay.apio.architect.internal.wiring.osgi.validator.NameValidator)"/>
      <directive name="effective" value="active"/>
    </requirement>
    <requirement namespace="osgi.service">
      <directive name="filter" value="(objectClass=com.liferay.apio.architect.router.ActionRouter)"/>
      <directive name="effective" value="active"/>
      <directive name="resolution" value="optional"/>
      <directive name="cardinality" value="multiple"/>
    </requirement>
    <requirement namespace="osgi.ee">
      <directive name="filter" value="(&amp;(osgi.ee=JavaSE)(version=1.8))"/>
    </requirement>
  </resource>
  <resource>
    <capability namespace="osgi.identity">
      <attribute name="osgi.identity" value="com.liferay.apio.architect.uri.mapper.impl"/>
      <attribute name="type" value="osgi.bundle"/>
      <attribute name="version" value="1.0.3" type="Version"/>
    </capability>
    <capability namespace="osgi.wiring.bundle">
      <attribute name="bundle-version" value="1.0.3" type="Version"/>
      <attribute name="osgi.wiring.bundle" value="com.liferay.apio.architect.uri.mapper.impl"/>
    </capability>
    <capability namespace="osgi.wiring.host">
      <attribute name="bundle-version" value="1.0.3" type="Version"/>
      <attribute name="osgi.wiring.host" value="com.liferay.apio.architect.uri.mapper.impl"/>
    </capability>
    <capability namespace="osgi.service">
      <attribute name="objectClass" value="com.liferay.apio.architect.uri.mapper.PathIdentifierMapper" type="List&lt;String&gt;"/>
    </capability>
    <capability namespace="osgi.content">
      <attribute name="size" value="6649" type="Long"/>
      <attribute name="url" value="com.liferay.apio.architect.uri.mapper.impl-1.0.3.jar"/>
      <attribute name="mime" value="application/vnd.osgi.bundle"/>
      <attribute name="osgi.content" value="C2E96C4205BDCF9C555D1579D9CF111F97CDD296B11C171090328B2D804510B1"/>
    </capability>
    <requirement namespace="osgi.wiring.package">
      <directive name="filter" value="(&amp;(osgi.wiring.package=com.liferay.apio.architect.functional)(&amp;(version&gt;=1.0.0)(!(version&gt;=2.0.0))))"/>
    </requirement>
    <requirement namespace="osgi.wiring.package">
      <directive name="filter" value="(&amp;(osgi.wiring.package=com.liferay.apio.architect.supplier)(&amp;(version&gt;=1.0.0)(!(version&gt;=2.0.0))))"/>
    </requirement>
    <requirement namespace="osgi.wiring.package">
      <directive name="filter" value="(&amp;(osgi.wiring.package=com.liferay.apio.architect.uri)(&amp;(version&gt;=1.0.0)(!(version&gt;=2.0.0))))"/>
    </requirement>
    <requirement namespace="osgi.wiring.package">
      <directive name="filter" value="(&amp;(osgi.wiring.package=com.liferay.apio.architect.uri.mapper)(&amp;(version&gt;=1.0.0)(!(version&gt;=2.0.0))))"/>
    </requirement>
    <requirement namespace="osgi.wiring.package">
      <directive name="filter" value="(&amp;(osgi.wiring.package=javax.ws.rs)(&amp;(version&gt;=2.1.0)(!(version&gt;=3.0.0))))"/>
    </requirement>
    <requirement namespace="osgi.extender">
      <directive name="filter" value="(&amp;(osgi.extender=osgi.component)(version&gt;=1.3.0)(!(version&gt;=2.0.0)))"/>
    </requirement>
    <requirement namespace="osgi.ee">
      <directive name="filter" value="(&amp;(osgi.ee=JavaSE)(version=1.8))"/>
    </requirement>
  </resource>
</repository>
