<?xml version='1.0' encoding='UTF-8'?>
<repository xmlns="http://www.osgi.org/xmlns/repository/v1.0.0" name="Liferay CE Foundation - Liferay CE Configuration Admin - API" increment="1">
  <resource>
    <capability namespace="osgi.identity">
      <attribute name="osgi.identity" value="com.liferay.configuration.admin.api"/>
      <attribute name="type" value="osgi.bundle"/>
      <attribute name="version" value="1.0.2" type="Version"/>
    </capability>
    <capability namespace="osgi.wiring.bundle">
      <attribute name="bundle-version" value="1.0.2" type="Version"/>
      <attribute name="osgi.wiring.bundle" value="com.liferay.configuration.admin.api"/>
    </capability>
    <capability namespace="osgi.wiring.host">
      <attribute name="bundle-version" value="1.0.2" type="Version"/>
      <attribute name="osgi.wiring.host" value="com.liferay.configuration.admin.api"/>
    </capability>
    <capability namespace="osgi.wiring.package">
      <attribute name="version" value="1.0.0" type="Version"/>
      <attribute name="osgi.wiring.package" value="com.liferay.configuration.admin.category"/>
    </capability>
    <capability namespace="osgi.wiring.package">
      <attribute name="version" value="1.0.0" type="Version"/>
      <attribute name="osgi.wiring.package" value="com.liferay.configuration.admin.constants"/>
    </capability>
    <capability namespace="osgi.wiring.package">
      <attribute name="version" value="1.0.0" type="Version"/>
      <attribute name="osgi.wiring.package" value="com.liferay.configuration.admin.definition"/>
    </capability>
    <capability namespace="osgi.wiring.package">
      <directive name="uses" value="javax.servlet.http"/>
      <attribute name="version" value="1.0.0" type="Version"/>
      <attribute name="osgi.wiring.package" value="com.liferay.configuration.admin.display"/>
    </capability>
    <capability namespace="osgi.content">
      <attribute name="size" value="6729" type="Long"/>
      <attribute name="url" value="com.liferay.configuration.admin.api-1.0.2.jar"/>
      <attribute name="mime" value="application/vnd.osgi.bundle"/>
      <attribute name="osgi.content" value="FA7297EEDC429FC5B8C335DD5D58A7A3F8FA36AA0B0EA705C5CD20376BDD2668"/>
    </capability>
    <requirement namespace="osgi.wiring.package">
      <directive name="filter" value="(&amp;(osgi.wiring.package=javax.servlet.http)(&amp;(version&gt;=3.0.0)(!(version&gt;=4.0.0))))"/>
    </requirement>
    <requirement namespace="osgi.ee">
      <directive name="filter" value="(&amp;(osgi.ee=JavaSE)(version=1.8))"/>
    </requirement>
  </resource>
</repository>
