<?xml version='1.0' encoding='UTF-8'?>
<repository xmlns="http://www.osgi.org/xmlns/repository/v1.0.0" name="Liferay CE Web Experience - Liferay CE HTML Preview - Impl" increment="1">
  <resource>
    <capability namespace="osgi.identity">
      <attribute name="osgi.identity" value="com.liferay.html.preview.processor.image"/>
      <attribute name="type" value="osgi.bundle"/>
      <attribute name="version" value="1.0.2" type="Version"/>
    </capability>
    <capability namespace="osgi.wiring.bundle">
      <attribute name="bundle-version" value="1.0.2" type="Version"/>
      <attribute name="osgi.wiring.bundle" value="com.liferay.html.preview.processor.image"/>
    </capability>
    <capability namespace="osgi.wiring.host">
      <attribute name="bundle-version" value="1.0.2" type="Version"/>
      <attribute name="osgi.wiring.host" value="com.liferay.html.preview.processor.image"/>
    </capability>
    <capability namespace="osgi.service">
      <attribute name="objectClass" value="com.liferay.html.preview.processor.HtmlPreviewProcessor" type="List&lt;String&gt;"/>
    </capability>
    <capability namespace="osgi.content">
      <attribute name="size" value="1602323" type="Long"/>
      <attribute name="url" value="com.liferay.html.preview.processor.image-1.0.2.jar"/>
      <attribute name="mime" value="application/vnd.osgi.bundle"/>
      <attribute name="osgi.content" value="0E4B22B419592283D7E926E368A0E6CE5D04F503064AA5D7FAEBDFBDB3B1F88D"/>
    </capability>
    <requirement namespace="osgi.wiring.package">
      <directive name="filter" value="(&amp;(osgi.wiring.package=com.liferay.html.preview.processor)(&amp;(version&gt;=1.0.0)(!(version&gt;=2.0.0))))"/>
    </requirement>
    <requirement namespace="osgi.wiring.package">
      <directive name="filter" value="(&amp;(osgi.wiring.package=com.liferay.portal.kernel.log)(&amp;(version&gt;=7.0.0)(!(version&gt;=8.0.0))))"/>
    </requirement>
    <requirement namespace="osgi.wiring.package">
      <directive name="filter" value="(&amp;(osgi.wiring.package=com.liferay.portal.kernel.util)(&amp;(version&gt;=8.0.0)(!(version&gt;=9.0.0))))"/>
    </requirement>
    <requirement namespace="osgi.wiring.package">
      <directive name="filter" value="(&amp;(osgi.wiring.package=javax.imageio))"/>
    </requirement>
    <requirement namespace="osgi.wiring.package">
      <directive name="filter" value="(&amp;(osgi.wiring.package=javax.imageio.metadata))"/>
    </requirement>
    <requirement namespace="osgi.wiring.package">
      <directive name="filter" value="(&amp;(osgi.wiring.package=javax.imageio.stream))"/>
    </requirement>
    <requirement namespace="osgi.wiring.package">
      <directive name="filter" value="(&amp;(osgi.wiring.package=javax.net.ssl))"/>
    </requirement>
    <requirement namespace="osgi.wiring.package">
      <directive name="filter" value="(&amp;(osgi.wiring.package=javax.swing))"/>
    </requirement>
    <requirement namespace="osgi.wiring.package">
      <directive name="filter" value="(&amp;(osgi.wiring.package=javax.swing.border))"/>
    </requirement>
    <requirement namespace="osgi.wiring.package">
      <directive name="filter" value="(&amp;(osgi.wiring.package=javax.swing.event))"/>
    </requirement>
    <requirement namespace="osgi.wiring.package">
      <directive name="filter" value="(&amp;(osgi.wiring.package=javax.swing.plaf))"/>
    </requirement>
    <requirement namespace="osgi.wiring.package">
      <directive name="filter" value="(&amp;(osgi.wiring.package=javax.swing.plaf.basic))"/>
    </requirement>
    <requirement namespace="osgi.wiring.package">
      <directive name="filter" value="(&amp;(osgi.wiring.package=javax.swing.table))"/>
    </requirement>
    <requirement namespace="osgi.wiring.package">
      <directive name="filter" value="(&amp;(osgi.wiring.package=javax.swing.text))"/>
    </requirement>
    <requirement namespace="osgi.wiring.package">
      <directive name="filter" value="(&amp;(osgi.wiring.package=javax.swing.tree))"/>
    </requirement>
    <requirement namespace="osgi.wiring.package">
      <directive name="filter" value="(&amp;(osgi.wiring.package=javax.xml.bind))"/>
    </requirement>
    <requirement namespace="osgi.wiring.package">
      <directive name="filter" value="(&amp;(osgi.wiring.package=javax.xml.parsers))"/>
    </requirement>
    <requirement namespace="osgi.wiring.package">
      <directive name="filter" value="(&amp;(osgi.wiring.package=javax.xml.transform))"/>
    </requirement>
    <requirement namespace="osgi.wiring.package">
      <directive name="filter" value="(&amp;(osgi.wiring.package=javax.xml.transform.dom))"/>
    </requirement>
    <requirement namespace="osgi.wiring.package">
      <directive name="filter" value="(&amp;(osgi.wiring.package=javax.xml.transform.sax))"/>
    </requirement>
    <requirement namespace="osgi.wiring.package">
      <directive name="filter" value="(&amp;(osgi.wiring.package=javax.xml.transform.stream))"/>
    </requirement>
    <requirement namespace="osgi.wiring.package">
      <directive name="filter" value="(&amp;(osgi.wiring.package=org.w3c.dom))"/>
    </requirement>
    <requirement namespace="osgi.wiring.package">
      <directive name="filter" value="(&amp;(osgi.wiring.package=org.w3c.dom.css))"/>
    </requirement>
    <requirement namespace="osgi.wiring.package">
      <directive name="filter" value="(&amp;(osgi.wiring.package=org.w3c.dom.ranges))"/>
    </requirement>
    <requirement namespace="osgi.wiring.package">
      <directive name="filter" value="(&amp;(osgi.wiring.package=org.w3c.dom.traversal))"/>
    </requirement>
    <requirement namespace="osgi.wiring.package">
      <directive name="filter" value="(&amp;(osgi.wiring.package=org.xml.sax))"/>
    </requirement>
    <requirement namespace="osgi.wiring.package">
      <directive name="filter" value="(&amp;(osgi.wiring.package=org.xml.sax.ext))"/>
    </requirement>
    <requirement namespace="osgi.wiring.package">
      <directive name="filter" value="(&amp;(osgi.wiring.package=org.xml.sax.helpers))"/>
    </requirement>
    <requirement namespace="osgi.extender">
      <directive name="filter" value="(&amp;(osgi.extender=osgi.component)(version&gt;=1.3.0)(!(version&gt;=2.0.0)))"/>
    </requirement>
    <requirement namespace="osgi.ee">
      <directive name="filter" value="(&amp;(osgi.ee=JavaSE)(version=1.7))"/>
    </requirement>
  </resource>
  <resource>
    <capability namespace="osgi.identity">
      <attribute name="osgi.identity" value="com.liferay.html.preview.service"/>
      <attribute name="type" value="osgi.bundle"/>
      <attribute name="version" value="1.0.4" type="Version"/>
    </capability>
    <capability namespace="osgi.wiring.bundle">
      <attribute name="bundle-version" value="1.0.4" type="Version"/>
      <attribute name="osgi.wiring.bundle" value="com.liferay.html.preview.service"/>
    </capability>
    <capability namespace="osgi.wiring.host">
      <attribute name="bundle-version" value="1.0.4" type="Version"/>
      <attribute name="osgi.wiring.host" value="com.liferay.html.preview.service"/>
    </capability>
    <capability namespace="osgi.service">
      <attribute name="objectClass" value="com.liferay.html.preview.processor.HtmlPreviewProcessorTracker" type="List&lt;String&gt;"/>
    </capability>
    <capability namespace="osgi.service">
      <attribute name="objectClass" value="com.liferay.html.preview.service.HtmlPreviewEntryLocalService" type="List&lt;String&gt;"/>
    </capability>
    <capability namespace="osgi.content">
      <attribute name="size" value="39159" type="Long"/>
      <attribute name="url" value="com.liferay.html.preview.service-1.0.4.jar"/>
      <attribute name="mime" value="application/vnd.osgi.bundle"/>
      <attribute name="osgi.content" value="9B027BAAA253C4A207E8A9BAC1332AD1B6FB24A906634E71F18F8864C3D2280D"/>
    </capability>
    <requirement namespace="osgi.wiring.package">
      <directive name="filter" value="(&amp;(osgi.wiring.package=com.liferay.counter.kernel.service)(&amp;(version&gt;=1.0.0)(!(version&gt;=2.0.0))))"/>
    </requirement>
    <requirement namespace="osgi.wiring.package">
      <directive name="filter" value="(&amp;(osgi.wiring.package=com.liferay.document.library.kernel.service)(&amp;(version&gt;=1.4.0)(!(version&gt;=2.0.0))))"/>
    </requirement>
    <requirement namespace="osgi.wiring.package">
      <directive name="filter" value="(&amp;(osgi.wiring.package=com.liferay.document.library.kernel.util)(&amp;(version&gt;=1.4.0)(!(version&gt;=2.0.0))))"/>
    </requirement>
    <requirement namespace="osgi.wiring.package">
      <directive name="filter" value="(&amp;(osgi.wiring.package=com.liferay.expando.kernel.model)(&amp;(version&gt;=1.1.0)(!(version&gt;=2.0.0))))"/>
    </requirement>
    <requirement namespace="osgi.wiring.package">
      <directive name="filter" value="(&amp;(osgi.wiring.package=com.liferay.expando.kernel.util)(&amp;(version&gt;=1.2.0)(!(version&gt;=2.0.0))))"/>
    </requirement>
    <requirement namespace="osgi.wiring.package">
      <directive name="filter" value="(&amp;(osgi.wiring.package=com.liferay.html.preview.exception)(&amp;(version&gt;=1.0.0)(!(version&gt;=2.0.0))))"/>
    </requirement>
    <requirement namespace="osgi.wiring.package">
      <directive name="filter" value="(&amp;(osgi.wiring.package=com.liferay.html.preview.model)(&amp;(version&gt;=1.0.0)(!(version&gt;=1.1.0))))"/>
    </requirement>
    <requirement namespace="osgi.wiring.package">
      <directive name="filter" value="(&amp;(osgi.wiring.package=com.liferay.html.preview.processor)(&amp;(version&gt;=1.0.0)(!(version&gt;=2.0.0))))"/>
    </requirement>
    <requirement namespace="osgi.wiring.package">
      <directive name="filter" value="(&amp;(osgi.wiring.package=com.liferay.html.preview.service)(&amp;(version&gt;=1.0.0)(!(version&gt;=1.1.0))))"/>
    </requirement>
    <requirement namespace="osgi.wiring.package">
      <directive name="filter" value="(&amp;(osgi.wiring.package=com.liferay.html.preview.service.persistence)(&amp;(version&gt;=1.0.0)(!(version&gt;=1.1.0))))"/>
    </requirement>
    <requirement namespace="osgi.wiring.package">
      <directive name="filter" value="(&amp;(osgi.wiring.package=com.liferay.petra.string)(&amp;(version&gt;=1.3.0)(!(version&gt;=2.0.0))))"/>
    </requirement>
    <requirement namespace="osgi.wiring.package">
      <directive name="filter" value="(&amp;(osgi.wiring.package=com.liferay.portal.kernel.bean)(&amp;(version&gt;=7.1.0)(!(version&gt;=8.0.0))))"/>
    </requirement>
    <requirement namespace="osgi.wiring.package">
      <directive name="filter" value="(&amp;(osgi.wiring.package=com.liferay.portal.kernel.configuration)(&amp;(version&gt;=6.2.0)(!(version&gt;=7.0.0))))"/>
    </requirement>
    <requirement namespace="osgi.wiring.package">
      <directive name="filter" value="(&amp;(osgi.wiring.package=com.liferay.portal.kernel.dao.db)(&amp;(version&gt;=7.5.0)(!(version&gt;=8.0.0))))"/>
    </requirement>
    <requirement namespace="osgi.wiring.package">
      <directive name="filter" value="(&amp;(osgi.wiring.package=com.liferay.portal.kernel.dao.jdbc)(&amp;(version&gt;=7.1.0)(!(version&gt;=8.0.0))))"/>
    </requirement>
    <requirement namespace="osgi.wiring.package">
      <directive name="filter" value="(&amp;(osgi.wiring.package=com.liferay.portal.kernel.dao.orm)(&amp;(version&gt;=7.3.0)(!(version&gt;=8.0.0))))"/>
    </requirement>
    <requirement namespace="osgi.wiring.package">
      <directive name="filter" value="(&amp;(osgi.wiring.package=com.liferay.portal.kernel.exception)(&amp;(version&gt;=7.3.0)(!(version&gt;=8.0.0))))"/>
    </requirement>
    <requirement namespace="osgi.wiring.package">
      <directive name="filter" value="(&amp;(osgi.wiring.package=com.liferay.portal.kernel.log)(&amp;(version&gt;=7.0.0)(!(version&gt;=8.0.0))))"/>
    </requirement>
    <requirement namespace="osgi.wiring.package">
      <directive name="filter" value="(&amp;(osgi.wiring.package=com.liferay.portal.kernel.model)(&amp;(version&gt;=2.0.0)(!(version&gt;=3.0.0))))"/>
    </requirement>
    <requirement namespace="osgi.wiring.package">
      <directive name="filter" value="(&amp;(osgi.wiring.package=com.liferay.portal.kernel.model.impl)(&amp;(version&gt;=1.1.0)(!(version&gt;=2.0.0))))"/>
    </requirement>
    <requirement namespace="osgi.wiring.package">
      <directive name="filter" value="(&amp;(osgi.wiring.package=com.liferay.portal.kernel.module.framework.service)(&amp;(version&gt;=1.0.0)(!(version&gt;=2.0.0))))"/>
    </requirement>
    <requirement namespace="osgi.wiring.package">
      <directive name="filter" value="(&amp;(osgi.wiring.package=com.liferay.portal.kernel.portletfilerepository)(&amp;(version&gt;=1.2.0)(!(version&gt;=2.0.0))))"/>
    </requirement>
    <requirement namespace="osgi.wiring.package">
      <directive name="filter" value="(&amp;(osgi.wiring.package=com.liferay.portal.kernel.repository.model)(&amp;(version&gt;=7.2.0)(!(version&gt;=8.0.0))))"/>
    </requirement>
    <requirement namespace="osgi.wiring.package">
      <directive name="filter" value="(&amp;(osgi.wiring.package=com.liferay.portal.kernel.search)(&amp;(version&gt;=7.7.0)(!(version&gt;=8.0.0))))"/>
    </requirement>
    <requirement namespace="osgi.wiring.package">
      <directive name="filter" value="(&amp;(osgi.wiring.package=com.liferay.portal.kernel.service)(&amp;(version&gt;=1.32.0)(!(version&gt;=2.0.0))))"/>
    </requirement>
    <requirement namespace="osgi.wiring.package">
      <directive name="filter" value="(&amp;(osgi.wiring.package=com.liferay.portal.kernel.service.persistence)(&amp;(version&gt;=1.17.0)(!(version&gt;=2.0.0))))"/>
    </requirement>
    <requirement namespace="osgi.wiring.package">
      <directive name="filter" value="(&amp;(osgi.wiring.package=com.liferay.portal.kernel.service.persistence.impl)(&amp;(version&gt;=1.5.0)(!(version&gt;=2.0.0))))"/>
    </requirement>
    <requirement namespace="osgi.wiring.package">
      <directive name="filter" value="(&amp;(osgi.wiring.package=com.liferay.portal.kernel.theme)(&amp;(version&gt;=1.6.0)(!(version&gt;=2.0.0))))"/>
    </requirement>
    <requirement namespace="osgi.wiring.package">
      <directive name="filter" value="(&amp;(osgi.wiring.package=com.liferay.portal.kernel.transaction)(&amp;(version&gt;=7.1.0)(!(version&gt;=8.0.0))))"/>
    </requirement>
    <requirement namespace="osgi.wiring.package">
      <directive name="filter" value="(&amp;(osgi.wiring.package=com.liferay.portal.kernel.util)(&amp;(version&gt;=8.1.0)(!(version&gt;=9.0.0))))"/>
    </requirement>
    <requirement namespace="osgi.wiring.package">
      <directive name="filter" value="(&amp;(osgi.wiring.package=com.liferay.portal.spring.extender.service)(&amp;(version&gt;=1.0.0)(!(version&gt;=2.0.0))))"/>
    </requirement>
    <requirement namespace="osgi.wiring.package">
      <directive name="filter" value="(&amp;(osgi.wiring.package=javax.sql))"/>
    </requirement>
    <requirement namespace="osgi.extender">
      <directive name="filter" value="(&amp;(osgi.extender=osgi.component)(version&gt;=1.3.0)(!(version&gt;=2.0.0)))"/>
    </requirement>
    <requirement namespace="osgi.service">
      <directive name="filter" value="(objectClass=com.liferay.html.preview.processor.HtmlPreviewProcessor)"/>
      <directive name="effective" value="active"/>
      <directive name="resolution" value="optional"/>
      <directive name="cardinality" value="multiple"/>
    </requirement>
    <requirement namespace="liferay.extender">
      <directive name="filter" value="(&amp;(liferay.extender=spring.extender)(version&gt;=3.0)(!(version&gt;=4.0)))"/>
    </requirement>
    <requirement namespace="osgi.ee">
      <directive name="filter" value="(&amp;(osgi.ee=JavaSE)(version=1.8))"/>
    </requirement>
  </resource>
</repository>
